ISO-10303-21;
HEADER;
/* Generated by software containing ST-Developer
 * from STEP Tools, Inc. (www.steptools.com) 
 */

FILE_DESCRIPTION(
/* description */ (''),
/* implementation_level */ '2;1');

FILE_NAME(
/* name */ 'button.step',
/* time_stamp */ '2026-06-14T17:25:34+01:00',
/* author */ (''),
/* organization */ (''),
/* preprocessor_version */ 'ST-DEVELOPER v20.1',
/* originating_system */ 'Autodesk Translation Framework v15.8.0.0',
/* authorisation */ '');

FILE_SCHEMA (('AUTOMOTIVE_DESIGN { 1 0 10303 214 3 1 1 }'));
ENDSEC;

DATA;
#10=MECHANICAL_DESIGN_GEOMETRIC_PRESENTATION_REPRESENTATION('',(#34,#35),
#1865);
#11=SHAPE_REPRESENTATION_RELATIONSHIP('SRR','None',#1872,#12);
#12=ADVANCED_BREP_SHAPE_REPRESENTATION('',(#36,#37),#1864);
#13=CONICAL_SURFACE('',#1075,3.45,0.0944243607917116);
#14=CONICAL_SURFACE('',#1083,3.2508909337351,0.0944243607917116);
#15=CONICAL_SURFACE('',#1086,3.2508909337351,0.0944243607917116);
#16=CONICAL_SURFACE('',#1089,3.2508909337351,0.0944243607917116);
#17=CONICAL_SURFACE('',#1092,3.2508909337351,0.0944243607917116);
#18=(
BOUNDED_CURVE()
B_SPLINE_CURVE(2,(#1688,#1689,#1690),.UNSPECIFIED.,.F.,.F.)
B_SPLINE_CURVE_WITH_KNOTS((3,3),(0.,0.28896521738604),.UNSPECIFIED.)
CURVE()
GEOMETRIC_REPRESENTATION_ITEM()
RATIONAL_B_SPLINE_CURVE((1.,1.00161500681348,1.00118857955785))
REPRESENTATION_ITEM('')
);
#19=(
BOUNDED_CURVE()
B_SPLINE_CURVE(2,(#1695,#1696,#1697),.UNSPECIFIED.,.F.,.F.)
B_SPLINE_CURVE_WITH_KNOTS((3,3),(0.168202148903618,0.477141506332215),
 .UNSPECIFIED.)
CURVE()
GEOMETRIC_REPRESENTATION_ITEM()
RATIONAL_B_SPLINE_CURVE((1.00112277501582,1.00159249618929,1.))
REPRESENTATION_ITEM('')
);
#20=(
BOUNDED_CURVE()
B_SPLINE_CURVE(2,(#1700,#1701,#1702),.UNSPECIFIED.,.F.,.F.)
B_SPLINE_CURVE_WITH_KNOTS((3,3),(0.,0.288965660545577),.UNSPECIFIED.)
CURVE()
GEOMETRIC_REPRESENTATION_ITEM()
RATIONAL_B_SPLINE_CURVE((1.,1.0016150903163,1.00118863833814))
REPRESENTATION_ITEM('')
);
#21=(
BOUNDED_CURVE()
B_SPLINE_CURVE(2,(#1707,#1708,#1709),.UNSPECIFIED.,.F.,.F.)
B_SPLINE_CURVE_WITH_KNOTS((3,3),(0.168201850109311,0.477141600528065),
 .UNSPECIFIED.)
CURVE()
GEOMETRIC_REPRESENTATION_ITEM()
RATIONAL_B_SPLINE_CURVE((1.00112282188406,1.00159256580863,1.))
REPRESENTATION_ITEM('')
);
#22=(
BOUNDED_CURVE()
B_SPLINE_CURVE(2,(#1712,#1713,#1714),.UNSPECIFIED.,.F.,.F.)
B_SPLINE_CURVE_WITH_KNOTS((3,3),(0.,0.288935491446751),.UNSPECIFIED.)
CURVE()
GEOMETRIC_REPRESENTATION_ITEM()
RATIONAL_B_SPLINE_CURVE((1.,1.00160943444339,1.0011846572448))
REPRESENTATION_ITEM('')
);
#23=(
BOUNDED_CURVE()
B_SPLINE_CURVE(2,(#1719,#1720,#1721),.UNSPECIFIED.,.F.,.F.)
B_SPLINE_CURVE_WITH_KNOTS((3,3),(0.168222438888771,0.477135176949554),
 .UNSPECIFIED.)
CURVE()
GEOMETRIC_REPRESENTATION_ITEM()
RATIONAL_B_SPLINE_CURVE((1.00111950409468,1.00158764427576,1.))
REPRESENTATION_ITEM('')
);
#24=(
BOUNDED_CURVE()
B_SPLINE_CURVE(2,(#1729,#1730,#1731),.UNSPECIFIED.,.F.,.F.)
B_SPLINE_CURVE_WITH_KNOTS((3,3),(0.,0.308912737047532),.UNSPECIFIED.)
CURVE()
GEOMETRIC_REPRESENTATION_ITEM()
RATIONAL_B_SPLINE_CURVE((1.,1.00158764343376,1.0011195035077))
REPRESENTATION_ITEM('')
);
#25=(
BOUNDED_CURVE()
B_SPLINE_CURVE(2,(#1734,#1735,#1736),.UNSPECIFIED.,.F.,.F.)
B_SPLINE_CURVE_WITH_KNOTS((3,3),(0.,0.308939353155451),.UNSPECIFIED.)
CURVE()
GEOMETRIC_REPRESENTATION_ITEM()
RATIONAL_B_SPLINE_CURVE((1.,1.00159249268097,1.00112277257083))
REPRESENTATION_ITEM('')
);
#26=(
BOUNDED_CURVE()
B_SPLINE_CURVE(2,(#1739,#1740,#1741),.UNSPECIFIED.,.F.,.F.)
B_SPLINE_CURVE_WITH_KNOTS((3,3),(0.,0.308895743930205),.UNSPECIFIED.)
CURVE()
GEOMETRIC_REPRESENTATION_ITEM()
RATIONAL_B_SPLINE_CURVE((1.,1.0015845353743,1.00111740741626))
REPRESENTATION_ITEM('')
);
#27=(
BOUNDED_CURVE()
B_SPLINE_CURVE(2,(#1744,#1745,#1746),.UNSPECIFIED.,.F.,.F.)
B_SPLINE_CURVE_WITH_KNOTS((3,3),(0.,0.308939750185997),.UNSPECIFIED.)
CURVE()
GEOMETRIC_REPRESENTATION_ITEM()
RATIONAL_B_SPLINE_CURVE((1.,1.00159256558818,1.00112282173018))
REPRESENTATION_ITEM('')
);
#28=(
BOUNDED_CURVE()
B_SPLINE_CURVE(2,(#1748,#1749,#1750),.UNSPECIFIED.,.F.,.F.)
B_SPLINE_CURVE_WITH_KNOTS((3,3),(0.168235399135179,0.477131140877538),
 .UNSPECIFIED.)
CURVE()
GEOMETRIC_REPRESENTATION_ITEM()
RATIONAL_B_SPLINE_CURVE((1.00111740621045,1.00158453364381,1.))
REPRESENTATION_ITEM('')
);
#29=(
BOUNDED_CURVE()
B_SPLINE_CURVE(2,(#1754,#1755,#1756),.UNSPECIFIED.,.F.,.F.)
B_SPLINE_CURVE_WITH_KNOTS((3,3),(0.,0.288916534973069),.UNSPECIFIED.)
CURVE()
GEOMETRIC_REPRESENTATION_ITEM()
RATIONAL_B_SPLINE_CURVE((1.,1.00160587373566,1.00118215005171))
REPRESENTATION_ITEM('')
);
#30=(
BOUNDED_CURVE()
B_SPLINE_CURVE(2,(#1762,#1763,#1764),.UNSPECIFIED.,.F.,.F.)
B_SPLINE_CURVE_WITH_KNOTS((3,3),(0.168281008758758,0.457197541570349),
 .UNSPECIFIED.)
CURVE()
GEOMETRIC_REPRESENTATION_ITEM()
RATIONAL_B_SPLINE_CURVE((1.00118214871636,1.00160587190105,1.))
REPRESENTATION_ITEM('')
);
#31=(
BOUNDED_CURVE()
B_SPLINE_CURVE(2,(#1772,#1773,#1774),.UNSPECIFIED.,.F.,.F.)
B_SPLINE_CURVE_WITH_KNOTS((3,3),(0.168266425818954,0.457201917690453),
 .UNSPECIFIED.)
CURVE()
GEOMETRIC_REPRESENTATION_ITEM()
RATIONAL_B_SPLINE_CURVE((1.00118465749001,1.0016094347806,1.))
REPRESENTATION_ITEM('')
);
#32=(
BOUNDED_CURVE()
B_SPLINE_CURVE(2,(#1782,#1783,#1784),.UNSPECIFIED.,.F.,.F.)
B_SPLINE_CURVE_WITH_KNOTS((3,3),(0.168243565490956,0.457208784744386),
 .UNSPECIFIED.)
CURVE()
GEOMETRIC_REPRESENTATION_ITEM()
RATIONAL_B_SPLINE_CURVE((1.0011885807126,1.00161500840045,1.))
REPRESENTATION_ITEM('')
);
#33=(
BOUNDED_CURVE()
B_SPLINE_CURVE(2,(#1792,#1793,#1794),.UNSPECIFIED.,.F.,.F.)
B_SPLINE_CURVE_WITH_KNOTS((3,3),(0.168243224532838,0.457208886982698),
 .UNSPECIFIED.)
CURVE()
GEOMETRIC_REPRESENTATION_ITEM()
RATIONAL_B_SPLINE_CURVE((1.00118863950975,1.00161509192654,1.))
REPRESENTATION_ITEM('')
);
#34=STYLED_ITEM('',(#1881),#36);
#35=STYLED_ITEM('',(#1881),#37);
#36=MANIFOLD_SOLID_BREP('Body1',#1012);
#37=MANIFOLD_SOLID_BREP('Body7',#1013);
#38=B_SPLINE_CURVE_WITH_KNOTS('',3,(#1494,#1495,#1496,#1497,#1498,#1499,
#1500,#1501,#1502,#1503),.UNSPECIFIED.,.F.,.F.,(4,2,1,1,1,1,4),(-0.000595759429236765,
0.,0.037930556482988,0.0758611129659759,0.113791669448964,0.151722225931952,
0.18965278241494),.UNSPECIFIED.);
#39=B_SPLINE_CURVE_WITH_KNOTS('',3,(#1549,#1550,#1551,#1552,#1553,#1554,
#1555,#1556,#1557,#1558),.UNSPECIFIED.,.F.,.F.,(4,1,1,1,1,2,4),(-0.18965278241494,
-0.151722225931952,-0.113791669448964,-0.0758611129659759,-0.037930556482988,
0.,0.000595759429236765),.UNSPECIFIED.);
#40=B_SPLINE_CURVE_WITH_KNOTS('',3,(#1565,#1566,#1567,#1568,#1569,#1570,
#1571,#1572),.UNSPECIFIED.,.F.,.F.,(4,2,1,1,4),(-0.000620102269390533,0.,
0.113776036268117,0.151701381690823,0.189626727113528),.UNSPECIFIED.);
#41=B_SPLINE_CURVE_WITH_KNOTS('',3,(#1612,#1613,#1614,#1615,#1616,#1617,
#1618,#1619),.UNSPECIFIED.,.F.,.F.,(4,1,1,2,4),(-0.189626727113528,-0.151701381690823,
-0.113776036268117,0.,0.000620102269390533),.UNSPECIFIED.);
#42=FACE_BOUND('',#337,.T.);
#43=FACE_BOUND('',#389,.T.);
#44=FACE_BOUND('',#390,.T.);
#45=FACE_BOUND('',#391,.T.);
#46=FACE_BOUND('',#392,.T.);
#47=PLANE('',#1034);
#48=PLANE('',#1035);
#49=PLANE('',#1043);
#50=PLANE('',#1047);
#51=PLANE('',#1051);
#52=PLANE('',#1052);
#53=PLANE('',#1053);
#54=PLANE('',#1054);
#55=PLANE('',#1055);
#56=PLANE('',#1056);
#57=PLANE('',#1057);
#58=PLANE('',#1058);
#59=PLANE('',#1059);
#60=PLANE('',#1060);
#61=PLANE('',#1063);
#62=PLANE('',#1066);
#63=PLANE('',#1069);
#64=PLANE('',#1072);
#65=PLANE('',#1073);
#66=PLANE('',#1074);
#67=PLANE('',#1082);
#68=PLANE('',#1085);
#69=PLANE('',#1088);
#70=PLANE('',#1091);
#71=PLANE('',#1094);
#72=PLANE('',#1095);
#73=PLANE('',#1096);
#74=PLANE('',#1099);
#75=PLANE('',#1100);
#76=PLANE('',#1103);
#77=PLANE('',#1104);
#78=PLANE('',#1107);
#79=PLANE('',#1108);
#80=PLANE('',#1111);
#81=PLANE('',#1112);
#82=LINE('',#1419,#173);
#83=LINE('',#1420,#174);
#84=LINE('',#1423,#175);
#85=LINE('',#1426,#176);
#86=LINE('',#1429,#177);
#87=LINE('',#1430,#178);
#88=LINE('',#1433,#179);
#89=LINE('',#1435,#180);
#90=LINE('',#1437,#181);
#91=LINE('',#1441,#182);
#92=LINE('',#1445,#183);
#93=LINE('',#1449,#184);
#94=LINE('',#1451,#185);
#95=LINE('',#1453,#186);
#96=LINE('',#1454,#187);
#97=LINE('',#1489,#188);
#98=LINE('',#1492,#189);
#99=LINE('',#1504,#190);
#100=LINE('',#1506,#191);
#101=LINE('',#1560,#192);
#102=LINE('',#1563,#193);
#103=LINE('',#1573,#194);
#104=LINE('',#1575,#195);
#105=LINE('',#1578,#196);
#106=LINE('',#1621,#197);
#107=LINE('',#1623,#198);
#108=LINE('',#1625,#199);
#109=LINE('',#1626,#200);
#110=LINE('',#1628,#201);
#111=LINE('',#1630,#202);
#112=LINE('',#1635,#203);
#113=LINE('',#1637,#204);
#114=LINE('',#1639,#205);
#115=LINE('',#1640,#206);
#116=LINE('',#1642,#207);
#117=LINE('',#1643,#208);
#118=LINE('',#1645,#209);
#119=LINE('',#1647,#210);
#120=LINE('',#1655,#211);
#121=LINE('',#1658,#212);
#122=LINE('',#1664,#213);
#123=LINE('',#1667,#214);
#124=LINE('',#1673,#215);
#125=LINE('',#1676,#216);
#126=LINE('',#1682,#217);
#127=LINE('',#1685,#218);
#128=LINE('',#1692,#219);
#129=LINE('',#1694,#220);
#130=LINE('',#1704,#221);
#131=LINE('',#1706,#222);
#132=LINE('',#1716,#223);
#133=LINE('',#1718,#224);
#134=LINE('',#1726,#225);
#135=LINE('',#1758,#226);
#136=LINE('',#1759,#227);
#137=LINE('',#1768,#228);
#138=LINE('',#1769,#229);
#139=LINE('',#1778,#230);
#140=LINE('',#1779,#231);
#141=LINE('',#1788,#232);
#142=LINE('',#1789,#233);
#143=LINE('',#1798,#234);
#144=LINE('',#1799,#235);
#145=LINE('',#1802,#236);
#146=LINE('',#1804,#237);
#147=LINE('',#1806,#238);
#148=LINE('',#1807,#239);
#149=LINE('',#1809,#240);
#150=LINE('',#1811,#241);
#151=LINE('',#1812,#242);
#152=LINE('',#1817,#243);
#153=LINE('',#1819,#244);
#154=LINE('',#1821,#245);
#155=LINE('',#1822,#246);
#156=LINE('',#1824,#247);
#157=LINE('',#1826,#248);
#158=LINE('',#1827,#249);
#159=LINE('',#1832,#250);
#160=LINE('',#1834,#251);
#161=LINE('',#1836,#252);
#162=LINE('',#1837,#253);
#163=LINE('',#1839,#254);
#164=LINE('',#1841,#255);
#165=LINE('',#1842,#256);
#166=LINE('',#1847,#257);
#167=LINE('',#1849,#258);
#168=LINE('',#1851,#259);
#169=LINE('',#1852,#260);
#170=LINE('',#1854,#261);
#171=LINE('',#1856,#262);
#172=LINE('',#1857,#263);
#173=VECTOR('',#1125,10.);
#174=VECTOR('',#1126,10.);
#175=VECTOR('',#1129,10.);
#176=VECTOR('',#1132,10.);
#177=VECTOR('',#1135,2.8076699303);
#178=VECTOR('',#1136,10.);
#179=VECTOR('',#1139,2.8076699303);
#180=VECTOR('',#1140,2.8076699303);
#181=VECTOR('',#1141,2.8076699303);
#182=VECTOR('',#1144,2.8076699303);
#183=VECTOR('',#1147,2.8076699303);
#184=VECTOR('',#1150,2.8076699303);
#185=VECTOR('',#1151,2.8076699303);
#186=VECTOR('',#1152,2.8076699303);
#187=VECTOR('',#1153,2.8076699303);
#188=VECTOR('',#1160,10.);
#189=VECTOR('',#1163,10.);
#190=VECTOR('',#1164,10.);
#191=VECTOR('',#1167,10.);
#192=VECTOR('',#1172,10.);
#193=VECTOR('',#1175,10.);
#194=VECTOR('',#1176,10.);
#195=VECTOR('',#1179,10.);
#196=VECTOR('',#1182,10.);
#197=VECTOR('',#1187,10.);
#198=VECTOR('',#1188,10.);
#199=VECTOR('',#1189,10.);
#200=VECTOR('',#1190,10.);
#201=VECTOR('',#1193,2.8076699303);
#202=VECTOR('',#1196,2.8076699303);
#203=VECTOR('',#1201,10.);
#204=VECTOR('',#1202,10.);
#205=VECTOR('',#1203,10.);
#206=VECTOR('',#1204,10.);
#207=VECTOR('',#1207,10.);
#208=VECTOR('',#1208,2.8076699303);
#209=VECTOR('',#1211,2.8076699303);
#210=VECTOR('',#1214,2.8076699303);
#211=VECTOR('',#1223,10.);
#212=VECTOR('',#1226,10.);
#213=VECTOR('',#1231,10.);
#214=VECTOR('',#1234,10.);
#215=VECTOR('',#1239,10.);
#216=VECTOR('',#1242,10.);
#217=VECTOR('',#1247,10.);
#218=VECTOR('',#1250,10.);
#219=VECTOR('',#1253,10.);
#220=VECTOR('',#1254,10.);
#221=VECTOR('',#1257,10.);
#222=VECTOR('',#1258,10.);
#223=VECTOR('',#1261,10.);
#224=VECTOR('',#1262,10.);
#225=VECTOR('',#1267,3.45);
#226=VECTOR('',#1280,10.);
#227=VECTOR('',#1281,10.);
#228=VECTOR('',#1288,10.);
#229=VECTOR('',#1289,10.);
#230=VECTOR('',#1296,10.);
#231=VECTOR('',#1297,10.);
#232=VECTOR('',#1304,10.);
#233=VECTOR('',#1305,10.);
#234=VECTOR('',#1312,10.);
#235=VECTOR('',#1313,10.);
#236=VECTOR('',#1316,10.);
#237=VECTOR('',#1317,10.);
#238=VECTOR('',#1318,10.);
#239=VECTOR('',#1319,10.);
#240=VECTOR('',#1322,10.);
#241=VECTOR('',#1323,10.);
#242=VECTOR('',#1324,10.);
#243=VECTOR('',#1331,10.);
#244=VECTOR('',#1332,10.);
#245=VECTOR('',#1333,10.);
#246=VECTOR('',#1334,10.);
#247=VECTOR('',#1337,10.);
#248=VECTOR('',#1338,10.);
#249=VECTOR('',#1339,10.);
#250=VECTOR('',#1346,10.);
#251=VECTOR('',#1347,10.);
#252=VECTOR('',#1348,10.);
#253=VECTOR('',#1349,10.);
#254=VECTOR('',#1352,10.);
#255=VECTOR('',#1353,10.);
#256=VECTOR('',#1354,10.);
#257=VECTOR('',#1361,10.);
#258=VECTOR('',#1362,10.);
#259=VECTOR('',#1363,10.);
#260=VECTOR('',#1364,10.);
#261=VECTOR('',#1367,10.);
#262=VECTOR('',#1368,10.);
#263=VECTOR('',#1369,10.);
#264=CYLINDRICAL_SURFACE('',#1030,0.5);
#265=CYLINDRICAL_SURFACE('',#1032,1.5);
#266=CYLINDRICAL_SURFACE('',#1041,0.5);
#267=CYLINDRICAL_SURFACE('',#1042,1.5);
#268=CYLINDRICAL_SURFACE('',#1045,0.5);
#269=CYLINDRICAL_SURFACE('',#1046,1.5);
#270=CYLINDRICAL_SURFACE('',#1048,0.5);
#271=CYLINDRICAL_SURFACE('',#1050,1.5);
#272=CYLINDRICAL_SURFACE('',#1097,2.81804627832785);
#273=CYLINDRICAL_SURFACE('',#1101,2.81804627832785);
#274=CYLINDRICAL_SURFACE('',#1105,2.81804627832785);
#275=CYLINDRICAL_SURFACE('',#1109,2.81804627832785);
#276=FACE_OUTER_BOUND('',#332,.T.);
#277=FACE_OUTER_BOUND('',#333,.T.);
#278=FACE_OUTER_BOUND('',#334,.T.);
#279=FACE_OUTER_BOUND('',#335,.T.);
#280=FACE_OUTER_BOUND('',#336,.T.);
#281=FACE_OUTER_BOUND('',#338,.T.);
#282=FACE_OUTER_BOUND('',#339,.T.);
#283=FACE_OUTER_BOUND('',#340,.T.);
#284=FACE_OUTER_BOUND('',#341,.T.);
#285=FACE_OUTER_BOUND('',#342,.T.);
#286=FACE_OUTER_BOUND('',#343,.T.);
#287=FACE_OUTER_BOUND('',#344,.T.);
#288=FACE_OUTER_BOUND('',#345,.T.);
#289=FACE_OUTER_BOUND('',#346,.T.);
#290=FACE_OUTER_BOUND('',#347,.T.);
#291=FACE_OUTER_BOUND('',#348,.T.);
#292=FACE_OUTER_BOUND('',#349,.T.);
#293=FACE_OUTER_BOUND('',#350,.T.);
#294=FACE_OUTER_BOUND('',#351,.T.);
#295=FACE_OUTER_BOUND('',#352,.T.);
#296=FACE_OUTER_BOUND('',#353,.T.);
#297=FACE_OUTER_BOUND('',#354,.T.);
#298=FACE_OUTER_BOUND('',#355,.T.);
#299=FACE_OUTER_BOUND('',#356,.T.);
#300=FACE_OUTER_BOUND('',#357,.T.);
#301=FACE_OUTER_BOUND('',#358,.T.);
#302=FACE_OUTER_BOUND('',#359,.T.);
#303=FACE_OUTER_BOUND('',#360,.T.);
#304=FACE_OUTER_BOUND('',#361,.T.);
#305=FACE_OUTER_BOUND('',#362,.T.);
#306=FACE_OUTER_BOUND('',#363,.T.);
#307=FACE_OUTER_BOUND('',#364,.T.);
#308=FACE_OUTER_BOUND('',#365,.T.);
#309=FACE_OUTER_BOUND('',#366,.T.);
#310=FACE_OUTER_BOUND('',#367,.T.);
#311=FACE_OUTER_BOUND('',#368,.T.);
#312=FACE_OUTER_BOUND('',#369,.T.);
#313=FACE_OUTER_BOUND('',#370,.T.);
#314=FACE_OUTER_BOUND('',#371,.T.);
#315=FACE_OUTER_BOUND('',#372,.T.);
#316=FACE_OUTER_BOUND('',#373,.T.);
#317=FACE_OUTER_BOUND('',#374,.T.);
#318=FACE_OUTER_BOUND('',#375,.T.);
#319=FACE_OUTER_BOUND('',#376,.T.);
#320=FACE_OUTER_BOUND('',#377,.T.);
#321=FACE_OUTER_BOUND('',#378,.T.);
#322=FACE_OUTER_BOUND('',#379,.T.);
#323=FACE_OUTER_BOUND('',#380,.T.);
#324=FACE_OUTER_BOUND('',#381,.T.);
#325=FACE_OUTER_BOUND('',#382,.T.);
#326=FACE_OUTER_BOUND('',#383,.T.);
#327=FACE_OUTER_BOUND('',#384,.T.);
#328=FACE_OUTER_BOUND('',#385,.T.);
#329=FACE_OUTER_BOUND('',#386,.T.);
#330=FACE_OUTER_BOUND('',#387,.T.);
#331=FACE_OUTER_BOUND('',#388,.T.);
#332=EDGE_LOOP('',(#662,#663,#664));
#333=EDGE_LOOP('',(#665,#666,#667,#668));
#334=EDGE_LOOP('',(#669,#670,#671,#672));
#335=EDGE_LOOP('',(#673,#674,#675,#676));
#336=EDGE_LOOP('',(#677,#678,#679,#680,#681,#682,#683,#684,#685,#686));
#337=EDGE_LOOP('',(#687,#688,#689,#690));
#338=EDGE_LOOP('',(#691,#692,#693));
#339=EDGE_LOOP('',(#694,#695,#696,#697));
#340=EDGE_LOOP('',(#698,#699,#700,#701));
#341=EDGE_LOOP('',(#702,#703,#704,#705));
#342=EDGE_LOOP('',(#706,#707,#708));
#343=EDGE_LOOP('',(#709,#710,#711,#712));
#344=EDGE_LOOP('',(#713,#714,#715,#716));
#345=EDGE_LOOP('',(#717,#718,#719,#720));
#346=EDGE_LOOP('',(#721,#722,#723,#724));
#347=EDGE_LOOP('',(#725,#726,#727));
#348=EDGE_LOOP('',(#728,#729,#730,#731,#732,#733));
#349=EDGE_LOOP('',(#734,#735,#736,#737));
#350=EDGE_LOOP('',(#738,#739,#740,#741));
#351=EDGE_LOOP('',(#742,#743,#744,#745));
#352=EDGE_LOOP('',(#746,#747,#748,#749));
#353=EDGE_LOOP('',(#750,#751,#752,#753));
#354=EDGE_LOOP('',(#754,#755,#756,#757));
#355=EDGE_LOOP('',(#758,#759,#760,#761));
#356=EDGE_LOOP('',(#762,#763,#764,#765));
#357=EDGE_LOOP('',(#766,#767,#768,#769));
#358=EDGE_LOOP('',(#770,#771,#772,#773));
#359=EDGE_LOOP('',(#774,#775,#776,#777));
#360=EDGE_LOOP('',(#778,#779,#780,#781));
#361=EDGE_LOOP('',(#782,#783,#784,#785));
#362=EDGE_LOOP('',(#786,#787,#788,#789,#790));
#363=EDGE_LOOP('',(#791,#792,#793,#794,#795));
#364=EDGE_LOOP('',(#796,#797,#798,#799,#800));
#365=EDGE_LOOP('',(#801,#802,#803,#804,#805,#806,#807,#808,#809,#810,#811,
#812,#813,#814,#815,#816,#817,#818,#819,#820));
#366=EDGE_LOOP('',(#821,#822,#823,#824,#825));
#367=EDGE_LOOP('',(#826,#827,#828,#829));
#368=EDGE_LOOP('',(#830,#831,#832,#833,#834));
#369=EDGE_LOOP('',(#835,#836,#837,#838));
#370=EDGE_LOOP('',(#839,#840,#841,#842,#843));
#371=EDGE_LOOP('',(#844,#845,#846,#847));
#372=EDGE_LOOP('',(#848,#849,#850,#851,#852));
#373=EDGE_LOOP('',(#853,#854,#855,#856));
#374=EDGE_LOOP('',(#857,#858,#859,#860,#861));
#375=EDGE_LOOP('',(#862,#863,#864,#865));
#376=EDGE_LOOP('',(#866,#867,#868,#869));
#377=EDGE_LOOP('',(#870,#871,#872,#873,#874,#875));
#378=EDGE_LOOP('',(#876,#877,#878,#879));
#379=EDGE_LOOP('',(#880,#881,#882,#883));
#380=EDGE_LOOP('',(#884,#885,#886,#887,#888,#889));
#381=EDGE_LOOP('',(#890,#891,#892,#893));
#382=EDGE_LOOP('',(#894,#895,#896,#897));
#383=EDGE_LOOP('',(#898,#899,#900,#901,#902,#903));
#384=EDGE_LOOP('',(#904,#905,#906,#907));
#385=EDGE_LOOP('',(#908,#909,#910,#911));
#386=EDGE_LOOP('',(#912,#913,#914,#915,#916,#917));
#387=EDGE_LOOP('',(#918,#919,#920,#921,#922,#923,#924,#925,#926,#927,#928,
#929,#930,#931,#932,#933,#934,#935,#936,#937,#938));
#388=EDGE_LOOP('',(#939));
#389=EDGE_LOOP('',(#940,#941,#942));
#390=EDGE_LOOP('',(#943,#944,#945));
#391=EDGE_LOOP('',(#946,#947,#948));
#392=EDGE_LOOP('',(#949,#950,#951));
#393=ELLIPSE('',#1028,1.80277563773199,1.5);
#394=ELLIPSE('',#1029,1.802775637732,1.5);
#395=ELLIPSE('',#1033,1.80277563773199,1.5);
#396=ELLIPSE('',#1040,1.802775637732,1.5);
#397=CIRCLE('',#1027,0.5);
#398=CIRCLE('',#1031,0.5);
#399=CIRCLE('',#1036,0.5);
#400=CIRCLE('',#1037,0.5);
#401=CIRCLE('',#1038,0.5);
#402=CIRCLE('',#1039,0.499999999999998);
#403=CIRCLE('',#1044,0.5);
#404=CIRCLE('',#1049,0.499999999999999);
#405=CIRCLE('',#1061,3.08322305923771);
#406=CIRCLE('',#1062,3.28411797954627);
#407=CIRCLE('',#1064,3.08322305923771);
#408=CIRCLE('',#1065,3.28411797954627);
#409=CIRCLE('',#1067,3.08322305923771);
#410=CIRCLE('',#1068,3.28411797954627);
#411=CIRCLE('',#1070,3.08322305923771);
#412=CIRCLE('',#1071,3.28411797954627);
#413=CIRCLE('',#1076,3.);
#414=CIRCLE('',#1077,3.00014653238507);
#415=CIRCLE('',#1078,3.00014653238507);
#416=CIRCLE('',#1079,3.00014653238507);
#417=CIRCLE('',#1080,3.00014653238507);
#418=CIRCLE('',#1081,3.00014653238507);
#419=CIRCLE('',#1084,2.81804627832785);
#420=CIRCLE('',#1087,2.81804627832785);
#421=CIRCLE('',#1090,2.81804627832785);
#422=CIRCLE('',#1093,2.81804627832785);
#423=CIRCLE('',#1098,2.81804627832785);
#424=CIRCLE('',#1102,2.81804627832785);
#425=CIRCLE('',#1106,2.81804627832785);
#426=CIRCLE('',#1110,2.81804627832785);
#427=VERTEX_POINT('',#1409);
#428=VERTEX_POINT('',#1410);
#429=VERTEX_POINT('',#1412);
#430=VERTEX_POINT('',#1416);
#431=VERTEX_POINT('',#1417);
#432=VERTEX_POINT('',#1422);
#433=VERTEX_POINT('',#1424);
#434=VERTEX_POINT('',#1428);
#435=VERTEX_POINT('',#1432);
#436=VERTEX_POINT('',#1434);
#437=VERTEX_POINT('',#1436);
#438=VERTEX_POINT('',#1438);
#439=VERTEX_POINT('',#1440);
#440=VERTEX_POINT('',#1442);
#441=VERTEX_POINT('',#1444);
#442=VERTEX_POINT('',#1447);
#443=VERTEX_POINT('',#1448);
#444=VERTEX_POINT('',#1450);
#445=VERTEX_POINT('',#1452);
#446=VERTEX_POINT('',#1485);
#447=VERTEX_POINT('',#1491);
#448=VERTEX_POINT('',#1493);
#449=VERTEX_POINT('',#1547);
#450=VERTEX_POINT('',#1562);
#451=VERTEX_POINT('',#1564);
#452=VERTEX_POINT('',#1577);
#453=VERTEX_POINT('',#1622);
#454=VERTEX_POINT('',#1624);
#455=VERTEX_POINT('',#1633);
#456=VERTEX_POINT('',#1634);
#457=VERTEX_POINT('',#1636);
#458=VERTEX_POINT('',#1638);
#459=VERTEX_POINT('',#1651);
#460=VERTEX_POINT('',#1652);
#461=VERTEX_POINT('',#1654);
#462=VERTEX_POINT('',#1656);
#463=VERTEX_POINT('',#1660);
#464=VERTEX_POINT('',#1661);
#465=VERTEX_POINT('',#1663);
#466=VERTEX_POINT('',#1665);
#467=VERTEX_POINT('',#1669);
#468=VERTEX_POINT('',#1670);
#469=VERTEX_POINT('',#1672);
#470=VERTEX_POINT('',#1674);
#471=VERTEX_POINT('',#1678);
#472=VERTEX_POINT('',#1679);
#473=VERTEX_POINT('',#1681);
#474=VERTEX_POINT('',#1683);
#475=VERTEX_POINT('',#1687);
#476=VERTEX_POINT('',#1691);
#477=VERTEX_POINT('',#1693);
#478=VERTEX_POINT('',#1699);
#479=VERTEX_POINT('',#1703);
#480=VERTEX_POINT('',#1705);
#481=VERTEX_POINT('',#1711);
#482=VERTEX_POINT('',#1715);
#483=VERTEX_POINT('',#1717);
#484=VERTEX_POINT('',#1723);
#485=VERTEX_POINT('',#1725);
#486=VERTEX_POINT('',#1727);
#487=VERTEX_POINT('',#1732);
#488=VERTEX_POINT('',#1737);
#489=VERTEX_POINT('',#1742);
#490=VERTEX_POINT('',#1747);
#491=VERTEX_POINT('',#1753);
#492=VERTEX_POINT('',#1757);
#493=VERTEX_POINT('',#1761);
#494=VERTEX_POINT('',#1767);
#495=VERTEX_POINT('',#1771);
#496=VERTEX_POINT('',#1777);
#497=VERTEX_POINT('',#1781);
#498=VERTEX_POINT('',#1787);
#499=VERTEX_POINT('',#1791);
#500=VERTEX_POINT('',#1797);
#501=VERTEX_POINT('',#1801);
#502=VERTEX_POINT('',#1803);
#503=VERTEX_POINT('',#1805);
#504=VERTEX_POINT('',#1810);
#505=VERTEX_POINT('',#1816);
#506=VERTEX_POINT('',#1818);
#507=VERTEX_POINT('',#1820);
#508=VERTEX_POINT('',#1825);
#509=VERTEX_POINT('',#1831);
#510=VERTEX_POINT('',#1833);
#511=VERTEX_POINT('',#1835);
#512=VERTEX_POINT('',#1840);
#513=VERTEX_POINT('',#1846);
#514=VERTEX_POINT('',#1848);
#515=VERTEX_POINT('',#1850);
#516=VERTEX_POINT('',#1855);
#517=EDGE_CURVE('',#427,#428,#397,.T.);
#518=EDGE_CURVE('',#428,#429,#393,.T.);
#519=EDGE_CURVE('',#429,#427,#394,.T.);
#520=EDGE_CURVE('',#430,#431,#398,.T.);
#521=EDGE_CURVE('',#431,#428,#82,.T.);
#522=EDGE_CURVE('',#427,#430,#83,.T.);
#523=EDGE_CURVE('',#428,#432,#84,.T.);
#524=EDGE_CURVE('',#433,#432,#395,.T.);
#525=EDGE_CURVE('',#433,#429,#85,.T.);
#526=EDGE_CURVE('',#434,#431,#86,.T.);
#527=EDGE_CURVE('',#432,#434,#87,.T.);
#528=EDGE_CURVE('',#430,#435,#88,.T.);
#529=EDGE_CURVE('',#436,#435,#89,.T.);
#530=EDGE_CURVE('',#436,#437,#90,.T.);
#531=EDGE_CURVE('',#438,#437,#399,.T.);
#532=EDGE_CURVE('',#438,#439,#91,.T.);
#533=EDGE_CURVE('',#440,#439,#400,.T.);
#534=EDGE_CURVE('',#440,#441,#92,.T.);
#535=EDGE_CURVE('',#434,#441,#401,.T.);
#536=EDGE_CURVE('',#442,#443,#93,.T.);
#537=EDGE_CURVE('',#443,#444,#94,.T.);
#538=EDGE_CURVE('',#444,#445,#95,.T.);
#539=EDGE_CURVE('',#445,#442,#96,.T.);
#540=EDGE_CURVE('',#432,#446,#402,.T.);
#541=EDGE_CURVE('',#446,#433,#396,.T.);
#542=EDGE_CURVE('',#441,#446,#97,.T.);
#543=EDGE_CURVE('',#446,#447,#98,.T.);
#544=EDGE_CURVE('',#448,#447,#38,.T.);
#545=EDGE_CURVE('',#448,#433,#99,.T.);
#546=EDGE_CURVE('',#447,#440,#100,.T.);
#547=EDGE_CURVE('',#447,#449,#403,.T.);
#548=EDGE_CURVE('',#449,#448,#39,.T.);
#549=EDGE_CURVE('',#439,#449,#101,.T.);
#550=EDGE_CURVE('',#449,#450,#102,.T.);
#551=EDGE_CURVE('',#451,#450,#40,.T.);
#552=EDGE_CURVE('',#451,#448,#103,.T.);
#553=EDGE_CURVE('',#450,#438,#104,.T.);
#554=EDGE_CURVE('',#437,#452,#105,.T.);
#555=EDGE_CURVE('',#452,#450,#404,.T.);
#556=EDGE_CURVE('',#452,#451,#41,.T.);
#557=EDGE_CURVE('',#429,#451,#106,.T.);
#558=EDGE_CURVE('',#452,#453,#107,.T.);
#559=EDGE_CURVE('',#453,#454,#108,.T.);
#560=EDGE_CURVE('',#454,#427,#109,.T.);
#561=EDGE_CURVE('',#453,#436,#110,.T.);
#562=EDGE_CURVE('',#454,#435,#111,.T.);
#563=EDGE_CURVE('',#455,#456,#112,.T.);
#564=EDGE_CURVE('',#457,#455,#113,.T.);
#565=EDGE_CURVE('',#458,#457,#114,.T.);
#566=EDGE_CURVE('',#456,#458,#115,.T.);
#567=EDGE_CURVE('',#443,#456,#116,.T.);
#568=EDGE_CURVE('',#458,#444,#117,.F.);
#569=EDGE_CURVE('',#457,#445,#118,.F.);
#570=EDGE_CURVE('',#455,#442,#119,.F.);
#571=EDGE_CURVE('',#459,#460,#405,.T.);
#572=EDGE_CURVE('',#461,#459,#120,.T.);
#573=EDGE_CURVE('',#462,#461,#406,.T.);
#574=EDGE_CURVE('',#460,#462,#121,.T.);
#575=EDGE_CURVE('',#463,#464,#407,.T.);
#576=EDGE_CURVE('',#465,#463,#122,.T.);
#577=EDGE_CURVE('',#466,#465,#408,.T.);
#578=EDGE_CURVE('',#464,#466,#123,.T.);
#579=EDGE_CURVE('',#467,#468,#409,.T.);
#580=EDGE_CURVE('',#469,#467,#124,.T.);
#581=EDGE_CURVE('',#470,#469,#410,.T.);
#582=EDGE_CURVE('',#468,#470,#125,.T.);
#583=EDGE_CURVE('',#471,#472,#411,.T.);
#584=EDGE_CURVE('',#473,#471,#126,.T.);
#585=EDGE_CURVE('',#474,#473,#412,.T.);
#586=EDGE_CURVE('',#472,#474,#127,.T.);
#587=EDGE_CURVE('',#475,#471,#18,.T.);
#588=EDGE_CURVE('',#475,#476,#128,.T.);
#589=EDGE_CURVE('',#476,#477,#129,.T.);
#590=EDGE_CURVE('',#473,#477,#19,.T.);
#591=EDGE_CURVE('',#478,#467,#20,.T.);
#592=EDGE_CURVE('',#478,#479,#130,.T.);
#593=EDGE_CURVE('',#479,#480,#131,.T.);
#594=EDGE_CURVE('',#469,#480,#21,.T.);
#595=EDGE_CURVE('',#481,#463,#22,.T.);
#596=EDGE_CURVE('',#481,#482,#132,.T.);
#597=EDGE_CURVE('',#482,#483,#133,.T.);
#598=EDGE_CURVE('',#465,#483,#23,.T.);
#599=EDGE_CURVE('',#484,#484,#413,.T.);
#600=EDGE_CURVE('',#484,#485,#134,.T.);
#601=EDGE_CURVE('',#485,#486,#414,.T.);
#602=EDGE_CURVE('',#486,#470,#24,.T.);
#603=EDGE_CURVE('',#480,#487,#415,.T.);
#604=EDGE_CURVE('',#487,#466,#25,.T.);
#605=EDGE_CURVE('',#483,#488,#416,.T.);
#606=EDGE_CURVE('',#488,#474,#26,.T.);
#607=EDGE_CURVE('',#477,#489,#417,.T.);
#608=EDGE_CURVE('',#489,#462,#27,.T.);
#609=EDGE_CURVE('',#461,#490,#28,.T.);
#610=EDGE_CURVE('',#490,#485,#418,.T.);
#611=EDGE_CURVE('',#491,#459,#29,.T.);
#612=EDGE_CURVE('',#491,#492,#135,.T.);
#613=EDGE_CURVE('',#492,#490,#136,.T.);
#614=EDGE_CURVE('',#472,#493,#30,.T.);
#615=EDGE_CURVE('',#475,#493,#419,.T.);
#616=EDGE_CURVE('',#488,#494,#137,.T.);
#617=EDGE_CURVE('',#494,#493,#138,.T.);
#618=EDGE_CURVE('',#468,#495,#31,.T.);
#619=EDGE_CURVE('',#478,#495,#420,.T.);
#620=EDGE_CURVE('',#486,#496,#139,.T.);
#621=EDGE_CURVE('',#496,#495,#140,.T.);
#622=EDGE_CURVE('',#464,#497,#32,.T.);
#623=EDGE_CURVE('',#481,#497,#421,.T.);
#624=EDGE_CURVE('',#487,#498,#141,.T.);
#625=EDGE_CURVE('',#498,#497,#142,.T.);
#626=EDGE_CURVE('',#460,#499,#33,.T.);
#627=EDGE_CURVE('',#491,#499,#422,.T.);
#628=EDGE_CURVE('',#489,#500,#143,.T.);
#629=EDGE_CURVE('',#500,#499,#144,.T.);
#630=EDGE_CURVE('',#501,#479,#145,.T.);
#631=EDGE_CURVE('',#479,#502,#146,.T.);
#632=EDGE_CURVE('',#503,#502,#147,.T.);
#633=EDGE_CURVE('',#501,#503,#148,.T.);
#634=EDGE_CURVE('',#496,#501,#149,.T.);
#635=EDGE_CURVE('',#504,#503,#150,.T.);
#636=EDGE_CURVE('',#496,#504,#151,.T.);
#637=EDGE_CURVE('',#502,#504,#423,.T.);
#638=EDGE_CURVE('',#505,#492,#152,.T.);
#639=EDGE_CURVE('',#492,#506,#153,.T.);
#640=EDGE_CURVE('',#507,#506,#154,.T.);
#641=EDGE_CURVE('',#505,#507,#155,.T.);
#642=EDGE_CURVE('',#500,#505,#156,.T.);
#643=EDGE_CURVE('',#508,#507,#157,.T.);
#644=EDGE_CURVE('',#500,#508,#158,.T.);
#645=EDGE_CURVE('',#506,#508,#424,.T.);
#646=EDGE_CURVE('',#509,#476,#159,.T.);
#647=EDGE_CURVE('',#476,#510,#160,.T.);
#648=EDGE_CURVE('',#511,#510,#161,.T.);
#649=EDGE_CURVE('',#509,#511,#162,.T.);
#650=EDGE_CURVE('',#494,#509,#163,.T.);
#651=EDGE_CURVE('',#512,#511,#164,.T.);
#652=EDGE_CURVE('',#494,#512,#165,.T.);
#653=EDGE_CURVE('',#510,#512,#425,.T.);
#654=EDGE_CURVE('',#513,#482,#166,.T.);
#655=EDGE_CURVE('',#482,#514,#167,.T.);
#656=EDGE_CURVE('',#515,#514,#168,.T.);
#657=EDGE_CURVE('',#513,#515,#169,.T.);
#658=EDGE_CURVE('',#498,#513,#170,.T.);
#659=EDGE_CURVE('',#516,#515,#171,.T.);
#660=EDGE_CURVE('',#498,#516,#172,.T.);
#661=EDGE_CURVE('',#514,#516,#426,.T.);
#662=ORIENTED_EDGE('',*,*,#517,.T.);
#663=ORIENTED_EDGE('',*,*,#518,.T.);
#664=ORIENTED_EDGE('',*,*,#519,.T.);
#665=ORIENTED_EDGE('',*,*,#520,.T.);
#666=ORIENTED_EDGE('',*,*,#521,.T.);
#667=ORIENTED_EDGE('',*,*,#517,.F.);
#668=ORIENTED_EDGE('',*,*,#522,.T.);
#669=ORIENTED_EDGE('',*,*,#518,.F.);
#670=ORIENTED_EDGE('',*,*,#523,.T.);
#671=ORIENTED_EDGE('',*,*,#524,.F.);
#672=ORIENTED_EDGE('',*,*,#525,.T.);
#673=ORIENTED_EDGE('',*,*,#521,.F.);
#674=ORIENTED_EDGE('',*,*,#526,.F.);
#675=ORIENTED_EDGE('',*,*,#527,.F.);
#676=ORIENTED_EDGE('',*,*,#523,.F.);
#677=ORIENTED_EDGE('',*,*,#520,.F.);
#678=ORIENTED_EDGE('',*,*,#528,.T.);
#679=ORIENTED_EDGE('',*,*,#529,.F.);
#680=ORIENTED_EDGE('',*,*,#530,.T.);
#681=ORIENTED_EDGE('',*,*,#531,.F.);
#682=ORIENTED_EDGE('',*,*,#532,.T.);
#683=ORIENTED_EDGE('',*,*,#533,.F.);
#684=ORIENTED_EDGE('',*,*,#534,.T.);
#685=ORIENTED_EDGE('',*,*,#535,.F.);
#686=ORIENTED_EDGE('',*,*,#526,.T.);
#687=ORIENTED_EDGE('',*,*,#536,.T.);
#688=ORIENTED_EDGE('',*,*,#537,.T.);
#689=ORIENTED_EDGE('',*,*,#538,.T.);
#690=ORIENTED_EDGE('',*,*,#539,.T.);
#691=ORIENTED_EDGE('',*,*,#540,.T.);
#692=ORIENTED_EDGE('',*,*,#541,.T.);
#693=ORIENTED_EDGE('',*,*,#524,.T.);
#694=ORIENTED_EDGE('',*,*,#535,.T.);
#695=ORIENTED_EDGE('',*,*,#542,.T.);
#696=ORIENTED_EDGE('',*,*,#540,.F.);
#697=ORIENTED_EDGE('',*,*,#527,.T.);
#698=ORIENTED_EDGE('',*,*,#541,.F.);
#699=ORIENTED_EDGE('',*,*,#543,.T.);
#700=ORIENTED_EDGE('',*,*,#544,.F.);
#701=ORIENTED_EDGE('',*,*,#545,.T.);
#702=ORIENTED_EDGE('',*,*,#542,.F.);
#703=ORIENTED_EDGE('',*,*,#534,.F.);
#704=ORIENTED_EDGE('',*,*,#546,.F.);
#705=ORIENTED_EDGE('',*,*,#543,.F.);
#706=ORIENTED_EDGE('',*,*,#547,.T.);
#707=ORIENTED_EDGE('',*,*,#548,.T.);
#708=ORIENTED_EDGE('',*,*,#544,.T.);
#709=ORIENTED_EDGE('',*,*,#533,.T.);
#710=ORIENTED_EDGE('',*,*,#549,.T.);
#711=ORIENTED_EDGE('',*,*,#547,.F.);
#712=ORIENTED_EDGE('',*,*,#546,.T.);
#713=ORIENTED_EDGE('',*,*,#548,.F.);
#714=ORIENTED_EDGE('',*,*,#550,.T.);
#715=ORIENTED_EDGE('',*,*,#551,.F.);
#716=ORIENTED_EDGE('',*,*,#552,.T.);
#717=ORIENTED_EDGE('',*,*,#549,.F.);
#718=ORIENTED_EDGE('',*,*,#532,.F.);
#719=ORIENTED_EDGE('',*,*,#553,.F.);
#720=ORIENTED_EDGE('',*,*,#550,.F.);
#721=ORIENTED_EDGE('',*,*,#531,.T.);
#722=ORIENTED_EDGE('',*,*,#554,.T.);
#723=ORIENTED_EDGE('',*,*,#555,.T.);
#724=ORIENTED_EDGE('',*,*,#553,.T.);
#725=ORIENTED_EDGE('',*,*,#555,.F.);
#726=ORIENTED_EDGE('',*,*,#556,.T.);
#727=ORIENTED_EDGE('',*,*,#551,.T.);
#728=ORIENTED_EDGE('',*,*,#519,.F.);
#729=ORIENTED_EDGE('',*,*,#557,.T.);
#730=ORIENTED_EDGE('',*,*,#556,.F.);
#731=ORIENTED_EDGE('',*,*,#558,.T.);
#732=ORIENTED_EDGE('',*,*,#559,.T.);
#733=ORIENTED_EDGE('',*,*,#560,.T.);
#734=ORIENTED_EDGE('',*,*,#554,.F.);
#735=ORIENTED_EDGE('',*,*,#530,.F.);
#736=ORIENTED_EDGE('',*,*,#561,.F.);
#737=ORIENTED_EDGE('',*,*,#558,.F.);
#738=ORIENTED_EDGE('',*,*,#522,.F.);
#739=ORIENTED_EDGE('',*,*,#560,.F.);
#740=ORIENTED_EDGE('',*,*,#562,.T.);
#741=ORIENTED_EDGE('',*,*,#528,.F.);
#742=ORIENTED_EDGE('',*,*,#557,.F.);
#743=ORIENTED_EDGE('',*,*,#525,.F.);
#744=ORIENTED_EDGE('',*,*,#545,.F.);
#745=ORIENTED_EDGE('',*,*,#552,.F.);
#746=ORIENTED_EDGE('',*,*,#563,.F.);
#747=ORIENTED_EDGE('',*,*,#564,.F.);
#748=ORIENTED_EDGE('',*,*,#565,.F.);
#749=ORIENTED_EDGE('',*,*,#566,.F.);
#750=ORIENTED_EDGE('',*,*,#537,.F.);
#751=ORIENTED_EDGE('',*,*,#567,.T.);
#752=ORIENTED_EDGE('',*,*,#566,.T.);
#753=ORIENTED_EDGE('',*,*,#568,.T.);
#754=ORIENTED_EDGE('',*,*,#569,.T.);
#755=ORIENTED_EDGE('',*,*,#538,.F.);
#756=ORIENTED_EDGE('',*,*,#568,.F.);
#757=ORIENTED_EDGE('',*,*,#565,.T.);
#758=ORIENTED_EDGE('',*,*,#536,.F.);
#759=ORIENTED_EDGE('',*,*,#570,.F.);
#760=ORIENTED_EDGE('',*,*,#563,.T.);
#761=ORIENTED_EDGE('',*,*,#567,.F.);
#762=ORIENTED_EDGE('',*,*,#570,.T.);
#763=ORIENTED_EDGE('',*,*,#539,.F.);
#764=ORIENTED_EDGE('',*,*,#569,.F.);
#765=ORIENTED_EDGE('',*,*,#564,.T.);
#766=ORIENTED_EDGE('',*,*,#559,.F.);
#767=ORIENTED_EDGE('',*,*,#561,.T.);
#768=ORIENTED_EDGE('',*,*,#529,.T.);
#769=ORIENTED_EDGE('',*,*,#562,.F.);
#770=ORIENTED_EDGE('',*,*,#571,.F.);
#771=ORIENTED_EDGE('',*,*,#572,.F.);
#772=ORIENTED_EDGE('',*,*,#573,.F.);
#773=ORIENTED_EDGE('',*,*,#574,.F.);
#774=ORIENTED_EDGE('',*,*,#575,.F.);
#775=ORIENTED_EDGE('',*,*,#576,.F.);
#776=ORIENTED_EDGE('',*,*,#577,.F.);
#777=ORIENTED_EDGE('',*,*,#578,.F.);
#778=ORIENTED_EDGE('',*,*,#579,.F.);
#779=ORIENTED_EDGE('',*,*,#580,.F.);
#780=ORIENTED_EDGE('',*,*,#581,.F.);
#781=ORIENTED_EDGE('',*,*,#582,.F.);
#782=ORIENTED_EDGE('',*,*,#583,.F.);
#783=ORIENTED_EDGE('',*,*,#584,.F.);
#784=ORIENTED_EDGE('',*,*,#585,.F.);
#785=ORIENTED_EDGE('',*,*,#586,.F.);
#786=ORIENTED_EDGE('',*,*,#584,.T.);
#787=ORIENTED_EDGE('',*,*,#587,.F.);
#788=ORIENTED_EDGE('',*,*,#588,.T.);
#789=ORIENTED_EDGE('',*,*,#589,.T.);
#790=ORIENTED_EDGE('',*,*,#590,.F.);
#791=ORIENTED_EDGE('',*,*,#580,.T.);
#792=ORIENTED_EDGE('',*,*,#591,.F.);
#793=ORIENTED_EDGE('',*,*,#592,.T.);
#794=ORIENTED_EDGE('',*,*,#593,.T.);
#795=ORIENTED_EDGE('',*,*,#594,.F.);
#796=ORIENTED_EDGE('',*,*,#576,.T.);
#797=ORIENTED_EDGE('',*,*,#595,.F.);
#798=ORIENTED_EDGE('',*,*,#596,.T.);
#799=ORIENTED_EDGE('',*,*,#597,.T.);
#800=ORIENTED_EDGE('',*,*,#598,.F.);
#801=ORIENTED_EDGE('',*,*,#599,.T.);
#802=ORIENTED_EDGE('',*,*,#600,.T.);
#803=ORIENTED_EDGE('',*,*,#601,.T.);
#804=ORIENTED_EDGE('',*,*,#602,.T.);
#805=ORIENTED_EDGE('',*,*,#581,.T.);
#806=ORIENTED_EDGE('',*,*,#594,.T.);
#807=ORIENTED_EDGE('',*,*,#603,.T.);
#808=ORIENTED_EDGE('',*,*,#604,.T.);
#809=ORIENTED_EDGE('',*,*,#577,.T.);
#810=ORIENTED_EDGE('',*,*,#598,.T.);
#811=ORIENTED_EDGE('',*,*,#605,.T.);
#812=ORIENTED_EDGE('',*,*,#606,.T.);
#813=ORIENTED_EDGE('',*,*,#585,.T.);
#814=ORIENTED_EDGE('',*,*,#590,.T.);
#815=ORIENTED_EDGE('',*,*,#607,.T.);
#816=ORIENTED_EDGE('',*,*,#608,.T.);
#817=ORIENTED_EDGE('',*,*,#573,.T.);
#818=ORIENTED_EDGE('',*,*,#609,.T.);
#819=ORIENTED_EDGE('',*,*,#610,.T.);
#820=ORIENTED_EDGE('',*,*,#600,.F.);
#821=ORIENTED_EDGE('',*,*,#572,.T.);
#822=ORIENTED_EDGE('',*,*,#611,.F.);
#823=ORIENTED_EDGE('',*,*,#612,.T.);
#824=ORIENTED_EDGE('',*,*,#613,.T.);
#825=ORIENTED_EDGE('',*,*,#609,.F.);
#826=ORIENTED_EDGE('',*,*,#583,.T.);
#827=ORIENTED_EDGE('',*,*,#614,.T.);
#828=ORIENTED_EDGE('',*,*,#615,.F.);
#829=ORIENTED_EDGE('',*,*,#587,.T.);
#830=ORIENTED_EDGE('',*,*,#586,.T.);
#831=ORIENTED_EDGE('',*,*,#606,.F.);
#832=ORIENTED_EDGE('',*,*,#616,.T.);
#833=ORIENTED_EDGE('',*,*,#617,.T.);
#834=ORIENTED_EDGE('',*,*,#614,.F.);
#835=ORIENTED_EDGE('',*,*,#579,.T.);
#836=ORIENTED_EDGE('',*,*,#618,.T.);
#837=ORIENTED_EDGE('',*,*,#619,.F.);
#838=ORIENTED_EDGE('',*,*,#591,.T.);
#839=ORIENTED_EDGE('',*,*,#582,.T.);
#840=ORIENTED_EDGE('',*,*,#602,.F.);
#841=ORIENTED_EDGE('',*,*,#620,.T.);
#842=ORIENTED_EDGE('',*,*,#621,.T.);
#843=ORIENTED_EDGE('',*,*,#618,.F.);
#844=ORIENTED_EDGE('',*,*,#575,.T.);
#845=ORIENTED_EDGE('',*,*,#622,.T.);
#846=ORIENTED_EDGE('',*,*,#623,.F.);
#847=ORIENTED_EDGE('',*,*,#595,.T.);
#848=ORIENTED_EDGE('',*,*,#578,.T.);
#849=ORIENTED_EDGE('',*,*,#604,.F.);
#850=ORIENTED_EDGE('',*,*,#624,.T.);
#851=ORIENTED_EDGE('',*,*,#625,.T.);
#852=ORIENTED_EDGE('',*,*,#622,.F.);
#853=ORIENTED_EDGE('',*,*,#571,.T.);
#854=ORIENTED_EDGE('',*,*,#626,.T.);
#855=ORIENTED_EDGE('',*,*,#627,.F.);
#856=ORIENTED_EDGE('',*,*,#611,.T.);
#857=ORIENTED_EDGE('',*,*,#574,.T.);
#858=ORIENTED_EDGE('',*,*,#608,.F.);
#859=ORIENTED_EDGE('',*,*,#628,.T.);
#860=ORIENTED_EDGE('',*,*,#629,.T.);
#861=ORIENTED_EDGE('',*,*,#626,.F.);
#862=ORIENTED_EDGE('',*,*,#630,.T.);
#863=ORIENTED_EDGE('',*,*,#631,.T.);
#864=ORIENTED_EDGE('',*,*,#632,.F.);
#865=ORIENTED_EDGE('',*,*,#633,.F.);
#866=ORIENTED_EDGE('',*,*,#634,.T.);
#867=ORIENTED_EDGE('',*,*,#633,.T.);
#868=ORIENTED_EDGE('',*,*,#635,.F.);
#869=ORIENTED_EDGE('',*,*,#636,.F.);
#870=ORIENTED_EDGE('',*,*,#619,.T.);
#871=ORIENTED_EDGE('',*,*,#621,.F.);
#872=ORIENTED_EDGE('',*,*,#636,.T.);
#873=ORIENTED_EDGE('',*,*,#637,.F.);
#874=ORIENTED_EDGE('',*,*,#631,.F.);
#875=ORIENTED_EDGE('',*,*,#592,.F.);
#876=ORIENTED_EDGE('',*,*,#638,.T.);
#877=ORIENTED_EDGE('',*,*,#639,.T.);
#878=ORIENTED_EDGE('',*,*,#640,.F.);
#879=ORIENTED_EDGE('',*,*,#641,.F.);
#880=ORIENTED_EDGE('',*,*,#642,.T.);
#881=ORIENTED_EDGE('',*,*,#641,.T.);
#882=ORIENTED_EDGE('',*,*,#643,.F.);
#883=ORIENTED_EDGE('',*,*,#644,.F.);
#884=ORIENTED_EDGE('',*,*,#627,.T.);
#885=ORIENTED_EDGE('',*,*,#629,.F.);
#886=ORIENTED_EDGE('',*,*,#644,.T.);
#887=ORIENTED_EDGE('',*,*,#645,.F.);
#888=ORIENTED_EDGE('',*,*,#639,.F.);
#889=ORIENTED_EDGE('',*,*,#612,.F.);
#890=ORIENTED_EDGE('',*,*,#646,.T.);
#891=ORIENTED_EDGE('',*,*,#647,.T.);
#892=ORIENTED_EDGE('',*,*,#648,.F.);
#893=ORIENTED_EDGE('',*,*,#649,.F.);
#894=ORIENTED_EDGE('',*,*,#650,.T.);
#895=ORIENTED_EDGE('',*,*,#649,.T.);
#896=ORIENTED_EDGE('',*,*,#651,.F.);
#897=ORIENTED_EDGE('',*,*,#652,.F.);
#898=ORIENTED_EDGE('',*,*,#615,.T.);
#899=ORIENTED_EDGE('',*,*,#617,.F.);
#900=ORIENTED_EDGE('',*,*,#652,.T.);
#901=ORIENTED_EDGE('',*,*,#653,.F.);
#902=ORIENTED_EDGE('',*,*,#647,.F.);
#903=ORIENTED_EDGE('',*,*,#588,.F.);
#904=ORIENTED_EDGE('',*,*,#654,.T.);
#905=ORIENTED_EDGE('',*,*,#655,.T.);
#906=ORIENTED_EDGE('',*,*,#656,.F.);
#907=ORIENTED_EDGE('',*,*,#657,.F.);
#908=ORIENTED_EDGE('',*,*,#658,.T.);
#909=ORIENTED_EDGE('',*,*,#657,.T.);
#910=ORIENTED_EDGE('',*,*,#659,.F.);
#911=ORIENTED_EDGE('',*,*,#660,.F.);
#912=ORIENTED_EDGE('',*,*,#623,.T.);
#913=ORIENTED_EDGE('',*,*,#625,.F.);
#914=ORIENTED_EDGE('',*,*,#660,.T.);
#915=ORIENTED_EDGE('',*,*,#661,.F.);
#916=ORIENTED_EDGE('',*,*,#655,.F.);
#917=ORIENTED_EDGE('',*,*,#596,.F.);
#918=ORIENTED_EDGE('',*,*,#610,.F.);
#919=ORIENTED_EDGE('',*,*,#613,.F.);
#920=ORIENTED_EDGE('',*,*,#638,.F.);
#921=ORIENTED_EDGE('',*,*,#642,.F.);
#922=ORIENTED_EDGE('',*,*,#628,.F.);
#923=ORIENTED_EDGE('',*,*,#607,.F.);
#924=ORIENTED_EDGE('',*,*,#589,.F.);
#925=ORIENTED_EDGE('',*,*,#646,.F.);
#926=ORIENTED_EDGE('',*,*,#650,.F.);
#927=ORIENTED_EDGE('',*,*,#616,.F.);
#928=ORIENTED_EDGE('',*,*,#605,.F.);
#929=ORIENTED_EDGE('',*,*,#597,.F.);
#930=ORIENTED_EDGE('',*,*,#654,.F.);
#931=ORIENTED_EDGE('',*,*,#658,.F.);
#932=ORIENTED_EDGE('',*,*,#624,.F.);
#933=ORIENTED_EDGE('',*,*,#603,.F.);
#934=ORIENTED_EDGE('',*,*,#593,.F.);
#935=ORIENTED_EDGE('',*,*,#630,.F.);
#936=ORIENTED_EDGE('',*,*,#634,.F.);
#937=ORIENTED_EDGE('',*,*,#620,.F.);
#938=ORIENTED_EDGE('',*,*,#601,.F.);
#939=ORIENTED_EDGE('',*,*,#599,.F.);
#940=ORIENTED_EDGE('',*,*,#632,.T.);
#941=ORIENTED_EDGE('',*,*,#637,.T.);
#942=ORIENTED_EDGE('',*,*,#635,.T.);
#943=ORIENTED_EDGE('',*,*,#645,.T.);
#944=ORIENTED_EDGE('',*,*,#643,.T.);
#945=ORIENTED_EDGE('',*,*,#640,.T.);
#946=ORIENTED_EDGE('',*,*,#653,.T.);
#947=ORIENTED_EDGE('',*,*,#651,.T.);
#948=ORIENTED_EDGE('',*,*,#648,.T.);
#949=ORIENTED_EDGE('',*,*,#656,.T.);
#950=ORIENTED_EDGE('',*,*,#661,.T.);
#951=ORIENTED_EDGE('',*,*,#659,.T.);
#952=B_SPLINE_SURFACE_WITH_KNOTS('',3,3,((#1379,#1380,#1381,#1382,#1383,
#1384),(#1385,#1386,#1387,#1388,#1389,#1390),(#1391,#1392,#1393,#1394,#1395,
#1396),(#1397,#1398,#1399,#1400,#1401,#1402),(#1403,#1404,#1405,#1406,#1407,
#1408)),.UNSPECIFIED.,.F.,.F.,.F.,(4,1,4),(4,1,1,4),(0.,0.5,1.),(-1.5707963267949,
-0.897597901025655,-0.448798950512827,2.77555756156289E-16),
 .UNSPECIFIED.);
#953=B_SPLINE_SURFACE_WITH_KNOTS('',3,3,((#1455,#1456,#1457,#1458,#1459,
#1460),(#1461,#1462,#1463,#1464,#1465,#1466),(#1467,#1468,#1469,#1470,#1471,
#1472),(#1473,#1474,#1475,#1476,#1477,#1478),(#1479,#1480,#1481,#1482,#1483,
#1484)),.UNSPECIFIED.,.F.,.F.,.F.,(4,1,4),(4,1,1,4),(0.,0.5,1.),(-1.5707963267949,
-0.897597901025655,-0.448798950512828,1.11022302462516E-16),
 .UNSPECIFIED.);
#954=B_SPLINE_SURFACE_WITH_KNOTS('',3,3,((#1507,#1508,#1509,#1510,#1511,
#1512,#1513,#1514,#1515,#1516),(#1517,#1518,#1519,#1520,#1521,#1522,#1523,
#1524,#1525,#1526),(#1527,#1528,#1529,#1530,#1531,#1532,#1533,#1534,#1535,
#1536),(#1537,#1538,#1539,#1540,#1541,#1542,#1543,#1544,#1545,#1546)),
 .UNSPECIFIED.,.F.,.F.,.F.,(4,4),(4,2,1,1,1,1,4),(0.,1.),(-0.000595759429236765,
0.,0.037930556482988,0.0758611129659759,0.113791669448964,0.151722225931952,
0.18965278241494),.UNSPECIFIED.);
#955=B_SPLINE_SURFACE_WITH_KNOTS('',3,3,((#1580,#1581,#1582,#1583,#1584,
#1585,#1586,#1587),(#1588,#1589,#1590,#1591,#1592,#1593,#1594,#1595),(#1596,
#1597,#1598,#1599,#1600,#1601,#1602,#1603),(#1604,#1605,#1606,#1607,#1608,
#1609,#1610,#1611)),.UNSPECIFIED.,.F.,.F.,.F.,(4,4),(4,2,1,1,4),(0.,1.),
(-0.000620102269390533,0.,0.113776036268117,0.151701381690823,0.189626727113528),
 .UNSPECIFIED.);
#956=ADVANCED_FACE('',(#276),#952,.F.);
#957=ADVANCED_FACE('',(#277),#264,.T.);
#958=ADVANCED_FACE('',(#278),#265,.T.);
#959=ADVANCED_FACE('',(#279),#47,.F.);
#960=ADVANCED_FACE('',(#280,#42),#48,.F.);
#961=ADVANCED_FACE('',(#281),#953,.F.);
#962=ADVANCED_FACE('',(#282),#266,.T.);
#963=ADVANCED_FACE('',(#283),#267,.T.);
#964=ADVANCED_FACE('',(#284),#49,.F.);
#965=ADVANCED_FACE('',(#285),#954,.F.);
#966=ADVANCED_FACE('',(#286),#268,.T.);
#967=ADVANCED_FACE('',(#287),#269,.T.);
#968=ADVANCED_FACE('',(#288),#50,.F.);
#969=ADVANCED_FACE('',(#289),#270,.T.);
#970=ADVANCED_FACE('',(#290),#955,.F.);
#971=ADVANCED_FACE('',(#291),#271,.T.);
#972=ADVANCED_FACE('',(#292),#51,.T.);
#973=ADVANCED_FACE('',(#293),#52,.T.);
#974=ADVANCED_FACE('',(#294),#53,.T.);
#975=ADVANCED_FACE('',(#295),#54,.F.);
#976=ADVANCED_FACE('',(#296),#55,.F.);
#977=ADVANCED_FACE('',(#297),#56,.F.);
#978=ADVANCED_FACE('',(#298),#57,.F.);
#979=ADVANCED_FACE('',(#299),#58,.F.);
#980=ADVANCED_FACE('',(#300),#59,.F.);
#981=ADVANCED_FACE('',(#301),#60,.F.);
#982=ADVANCED_FACE('',(#302),#61,.F.);
#983=ADVANCED_FACE('',(#303),#62,.F.);
#984=ADVANCED_FACE('',(#304),#63,.F.);
#985=ADVANCED_FACE('',(#305),#64,.F.);
#986=ADVANCED_FACE('',(#306),#65,.F.);
#987=ADVANCED_FACE('',(#307),#66,.F.);
#988=ADVANCED_FACE('',(#308),#13,.T.);
#989=ADVANCED_FACE('',(#309),#67,.F.);
#990=ADVANCED_FACE('',(#310),#14,.F.);
#991=ADVANCED_FACE('',(#311),#68,.F.);
#992=ADVANCED_FACE('',(#312),#15,.F.);
#993=ADVANCED_FACE('',(#313),#69,.F.);
#994=ADVANCED_FACE('',(#314),#16,.F.);
#995=ADVANCED_FACE('',(#315),#70,.F.);
#996=ADVANCED_FACE('',(#316),#17,.F.);
#997=ADVANCED_FACE('',(#317),#71,.F.);
#998=ADVANCED_FACE('',(#318),#72,.F.);
#999=ADVANCED_FACE('',(#319),#73,.F.);
#1000=ADVANCED_FACE('',(#320),#272,.F.);
#1001=ADVANCED_FACE('',(#321),#74,.F.);
#1002=ADVANCED_FACE('',(#322),#75,.F.);
#1003=ADVANCED_FACE('',(#323),#273,.F.);
#1004=ADVANCED_FACE('',(#324),#76,.F.);
#1005=ADVANCED_FACE('',(#325),#77,.F.);
#1006=ADVANCED_FACE('',(#326),#274,.F.);
#1007=ADVANCED_FACE('',(#327),#78,.F.);
#1008=ADVANCED_FACE('',(#328),#79,.F.);
#1009=ADVANCED_FACE('',(#329),#275,.F.);
#1010=ADVANCED_FACE('',(#330),#80,.F.);
#1011=ADVANCED_FACE('',(#331,#43,#44,#45,#46),#81,.F.);
#1012=CLOSED_SHELL('',(#956,#957,#958,#959,#960,#961,#962,#963,#964,#965,
#966,#967,#968,#969,#970,#971,#972,#973,#974,#975,#976,#977,#978,#979,#980));
#1013=CLOSED_SHELL('',(#981,#982,#983,#984,#985,#986,#987,#988,#989,#990,
#991,#992,#993,#994,#995,#996,#997,#998,#999,#1000,#1001,#1002,#1003,#1004,
#1005,#1006,#1007,#1008,#1009,#1010,#1011));
#1014=DERIVED_UNIT_ELEMENT(#1016,1.);
#1015=DERIVED_UNIT_ELEMENT(#1867,-3.);
#1016=(
MASS_UNIT()
NAMED_UNIT(*)
SI_UNIT(.KILO.,.GRAM.)
);
#1017=DERIVED_UNIT((#1014,#1015));
#1018=MEASURE_REPRESENTATION_ITEM('density measure',
POSITIVE_RATIO_MEASURE(7850.),#1017);
#1019=PROPERTY_DEFINITION_REPRESENTATION(#1024,#1021);
#1020=PROPERTY_DEFINITION_REPRESENTATION(#1025,#1022);
#1021=REPRESENTATION('material name',(#1023),#1864);
#1022=REPRESENTATION('density',(#1018),#1864);
#1023=DESCRIPTIVE_REPRESENTATION_ITEM('Steel','Steel');
#1024=PROPERTY_DEFINITION('material property','material name',#1874);
#1025=PROPERTY_DEFINITION('material property','density of part',#1874);
#1026=AXIS2_PLACEMENT_3D('',#1378,#1113,#1114);
#1027=AXIS2_PLACEMENT_3D('',#1411,#1115,#1116);
#1028=AXIS2_PLACEMENT_3D('',#1413,#1117,#1118);
#1029=AXIS2_PLACEMENT_3D('',#1414,#1119,#1120);
#1030=AXIS2_PLACEMENT_3D('',#1415,#1121,#1122);
#1031=AXIS2_PLACEMENT_3D('',#1418,#1123,#1124);
#1032=AXIS2_PLACEMENT_3D('',#1421,#1127,#1128);
#1033=AXIS2_PLACEMENT_3D('',#1425,#1130,#1131);
#1034=AXIS2_PLACEMENT_3D('',#1427,#1133,#1134);
#1035=AXIS2_PLACEMENT_3D('',#1431,#1137,#1138);
#1036=AXIS2_PLACEMENT_3D('',#1439,#1142,#1143);
#1037=AXIS2_PLACEMENT_3D('',#1443,#1145,#1146);
#1038=AXIS2_PLACEMENT_3D('',#1446,#1148,#1149);
#1039=AXIS2_PLACEMENT_3D('',#1486,#1154,#1155);
#1040=AXIS2_PLACEMENT_3D('',#1487,#1156,#1157);
#1041=AXIS2_PLACEMENT_3D('',#1488,#1158,#1159);
#1042=AXIS2_PLACEMENT_3D('',#1490,#1161,#1162);
#1043=AXIS2_PLACEMENT_3D('',#1505,#1165,#1166);
#1044=AXIS2_PLACEMENT_3D('',#1548,#1168,#1169);
#1045=AXIS2_PLACEMENT_3D('',#1559,#1170,#1171);
#1046=AXIS2_PLACEMENT_3D('',#1561,#1173,#1174);
#1047=AXIS2_PLACEMENT_3D('',#1574,#1177,#1178);
#1048=AXIS2_PLACEMENT_3D('',#1576,#1180,#1181);
#1049=AXIS2_PLACEMENT_3D('',#1579,#1183,#1184);
#1050=AXIS2_PLACEMENT_3D('',#1620,#1185,#1186);
#1051=AXIS2_PLACEMENT_3D('',#1627,#1191,#1192);
#1052=AXIS2_PLACEMENT_3D('',#1629,#1194,#1195);
#1053=AXIS2_PLACEMENT_3D('',#1631,#1197,#1198);
#1054=AXIS2_PLACEMENT_3D('',#1632,#1199,#1200);
#1055=AXIS2_PLACEMENT_3D('',#1641,#1205,#1206);
#1056=AXIS2_PLACEMENT_3D('',#1644,#1209,#1210);
#1057=AXIS2_PLACEMENT_3D('',#1646,#1212,#1213);
#1058=AXIS2_PLACEMENT_3D('',#1648,#1215,#1216);
#1059=AXIS2_PLACEMENT_3D('',#1649,#1217,#1218);
#1060=AXIS2_PLACEMENT_3D('',#1650,#1219,#1220);
#1061=AXIS2_PLACEMENT_3D('',#1653,#1221,#1222);
#1062=AXIS2_PLACEMENT_3D('',#1657,#1224,#1225);
#1063=AXIS2_PLACEMENT_3D('',#1659,#1227,#1228);
#1064=AXIS2_PLACEMENT_3D('',#1662,#1229,#1230);
#1065=AXIS2_PLACEMENT_3D('',#1666,#1232,#1233);
#1066=AXIS2_PLACEMENT_3D('',#1668,#1235,#1236);
#1067=AXIS2_PLACEMENT_3D('',#1671,#1237,#1238);
#1068=AXIS2_PLACEMENT_3D('',#1675,#1240,#1241);
#1069=AXIS2_PLACEMENT_3D('',#1677,#1243,#1244);
#1070=AXIS2_PLACEMENT_3D('',#1680,#1245,#1246);
#1071=AXIS2_PLACEMENT_3D('',#1684,#1248,#1249);
#1072=AXIS2_PLACEMENT_3D('',#1686,#1251,#1252);
#1073=AXIS2_PLACEMENT_3D('',#1698,#1255,#1256);
#1074=AXIS2_PLACEMENT_3D('',#1710,#1259,#1260);
#1075=AXIS2_PLACEMENT_3D('',#1722,#1263,#1264);
#1076=AXIS2_PLACEMENT_3D('',#1724,#1265,#1266);
#1077=AXIS2_PLACEMENT_3D('',#1728,#1268,#1269);
#1078=AXIS2_PLACEMENT_3D('',#1733,#1270,#1271);
#1079=AXIS2_PLACEMENT_3D('',#1738,#1272,#1273);
#1080=AXIS2_PLACEMENT_3D('',#1743,#1274,#1275);
#1081=AXIS2_PLACEMENT_3D('',#1751,#1276,#1277);
#1082=AXIS2_PLACEMENT_3D('',#1752,#1278,#1279);
#1083=AXIS2_PLACEMENT_3D('',#1760,#1282,#1283);
#1084=AXIS2_PLACEMENT_3D('',#1765,#1284,#1285);
#1085=AXIS2_PLACEMENT_3D('',#1766,#1286,#1287);
#1086=AXIS2_PLACEMENT_3D('',#1770,#1290,#1291);
#1087=AXIS2_PLACEMENT_3D('',#1775,#1292,#1293);
#1088=AXIS2_PLACEMENT_3D('',#1776,#1294,#1295);
#1089=AXIS2_PLACEMENT_3D('',#1780,#1298,#1299);
#1090=AXIS2_PLACEMENT_3D('',#1785,#1300,#1301);
#1091=AXIS2_PLACEMENT_3D('',#1786,#1302,#1303);
#1092=AXIS2_PLACEMENT_3D('',#1790,#1306,#1307);
#1093=AXIS2_PLACEMENT_3D('',#1795,#1308,#1309);
#1094=AXIS2_PLACEMENT_3D('',#1796,#1310,#1311);
#1095=AXIS2_PLACEMENT_3D('',#1800,#1314,#1315);
#1096=AXIS2_PLACEMENT_3D('',#1808,#1320,#1321);
#1097=AXIS2_PLACEMENT_3D('',#1813,#1325,#1326);
#1098=AXIS2_PLACEMENT_3D('',#1814,#1327,#1328);
#1099=AXIS2_PLACEMENT_3D('',#1815,#1329,#1330);
#1100=AXIS2_PLACEMENT_3D('',#1823,#1335,#1336);
#1101=AXIS2_PLACEMENT_3D('',#1828,#1340,#1341);
#1102=AXIS2_PLACEMENT_3D('',#1829,#1342,#1343);
#1103=AXIS2_PLACEMENT_3D('',#1830,#1344,#1345);
#1104=AXIS2_PLACEMENT_3D('',#1838,#1350,#1351);
#1105=AXIS2_PLACEMENT_3D('',#1843,#1355,#1356);
#1106=AXIS2_PLACEMENT_3D('',#1844,#1357,#1358);
#1107=AXIS2_PLACEMENT_3D('',#1845,#1359,#1360);
#1108=AXIS2_PLACEMENT_3D('',#1853,#1365,#1366);
#1109=AXIS2_PLACEMENT_3D('',#1858,#1370,#1371);
#1110=AXIS2_PLACEMENT_3D('',#1859,#1372,#1373);
#1111=AXIS2_PLACEMENT_3D('',#1860,#1374,#1375);
#1112=AXIS2_PLACEMENT_3D('',#1861,#1376,#1377);
#1113=DIRECTION('axis',(0.,0.,1.));
#1114=DIRECTION('refdir',(1.,0.,0.));
#1115=DIRECTION('center_axis',(5.5511151231258E-16,0.,-1.));
#1116=DIRECTION('ref_axis',(0.,-1.,0.));
#1117=DIRECTION('center_axis',(0.554700196225229,-0.832050294337844,0.));
#1118=DIRECTION('ref_axis',(-0.832050294337844,-0.554700196225229,0.));
#1119=DIRECTION('center_axis',(-0.832050294337843,0.554700196225229,0.));
#1120=DIRECTION('ref_axis',(-0.554700196225229,-0.832050294337843,0.));
#1121=DIRECTION('center_axis',(0.,0.,1.));
#1122=DIRECTION('ref_axis',(-0.707106781186546,-0.707106781186549,0.));
#1123=DIRECTION('center_axis',(0.,0.,-1.));
#1124=DIRECTION('ref_axis',(-0.707106781186546,-0.707106781186549,0.));
#1125=DIRECTION('',(0.,0.,-1.));
#1126=DIRECTION('',(0.,0.,1.));
#1127=DIRECTION('center_axis',(0.,1.,0.));
#1128=DIRECTION('ref_axis',(-0.707106781186547,0.,-0.707106781186548));
#1129=DIRECTION('',(0.,1.,0.));
#1130=DIRECTION('center_axis',(0.554700196225229,0.832050294337844,0.));
#1131=DIRECTION('ref_axis',(-0.832050294337844,0.554700196225229,0.));
#1132=DIRECTION('',(0.,-1.,0.));
#1133=DIRECTION('center_axis',(1.,0.,0.));
#1134=DIRECTION('ref_axis',(0.,0.,-1.));
#1135=DIRECTION('',(2.91206039245943E-16,-1.,0.));
#1136=DIRECTION('',(0.,0.,1.));
#1137=DIRECTION('center_axis',(0.,0.,-1.));
#1138=DIRECTION('ref_axis',(-1.,0.,0.));
#1139=DIRECTION('',(1.,8.22387425648264E-17,0.));
#1140=DIRECTION('',(-1.,2.00830956068649E-10,0.));
#1141=DIRECTION('',(1.,8.22387425648264E-17,0.));
#1142=DIRECTION('center_axis',(0.,0.,-1.));
#1143=DIRECTION('ref_axis',(0.707106781166607,-0.707106781206488,0.));
#1144=DIRECTION('',(0.,1.,0.));
#1145=DIRECTION('center_axis',(0.,0.,-1.));
#1146=DIRECTION('ref_axis',(0.707106781206489,0.707106781166606,0.));
#1147=DIRECTION('',(-1.,0.,0.));
#1148=DIRECTION('center_axis',(0.,0.,-1.));
#1149=DIRECTION('ref_axis',(-0.707106781186549,0.707106781186546,0.));
#1150=DIRECTION('',(-1.,-8.22387425648264E-17,0.));
#1151=DIRECTION('',(-2.91206039245943E-16,1.,0.));
#1152=DIRECTION('',(1.,0.,0.));
#1153=DIRECTION('',(0.,-1.,0.));
#1154=DIRECTION('center_axis',(0.,0.,-1.));
#1155=DIRECTION('ref_axis',(-1.,2.22044604925032E-15,0.));
#1156=DIRECTION('center_axis',(-0.832050294337843,-0.554700196225229,0.));
#1157=DIRECTION('ref_axis',(-0.554700196225229,0.832050294337843,0.));
#1158=DIRECTION('center_axis',(0.,0.,1.));
#1159=DIRECTION('ref_axis',(-0.707106781186549,0.707106781186546,0.));
#1160=DIRECTION('',(0.,0.,-1.));
#1161=DIRECTION('center_axis',(1.,0.,0.));
#1162=DIRECTION('ref_axis',(0.,0.707106781186547,-0.707106781186548));
#1163=DIRECTION('',(1.,0.,0.));
#1164=DIRECTION('',(-1.,0.,0.));
#1165=DIRECTION('center_axis',(0.,-1.,0.));
#1166=DIRECTION('ref_axis',(0.,0.,-1.));
#1167=DIRECTION('',(0.,0.,1.));
#1168=DIRECTION('center_axis',(1.38777878085972E-16,1.38777878078144E-16,
-1.));
#1169=DIRECTION('ref_axis',(0.,1.,1.38777878078144E-16));
#1170=DIRECTION('center_axis',(0.,0.,1.));
#1171=DIRECTION('ref_axis',(0.707106781206489,0.707106781166606,0.));
#1172=DIRECTION('',(0.,0.,-1.));
#1173=DIRECTION('center_axis',(-5.64015954798582E-11,-1.,0.));
#1174=DIRECTION('ref_axis',(0.707106781186547,-3.98819512532861E-11,-0.707106781186548));
#1175=DIRECTION('',(-5.64015954798582E-11,-1.,0.));
#1176=DIRECTION('',(5.64015954798582E-11,1.,0.));
#1177=DIRECTION('center_axis',(-1.,5.64015954798582E-11,0.));
#1178=DIRECTION('ref_axis',(0.,0.,1.));
#1179=DIRECTION('',(0.,0.,1.));
#1180=DIRECTION('center_axis',(0.,0.,-1.));
#1181=DIRECTION('ref_axis',(0.707106781166607,-0.707106781206488,0.));
#1182=DIRECTION('',(0.,0.,-1.));
#1183=DIRECTION('center_axis',(5.55111512312578E-16,0.,1.));
#1184=DIRECTION('ref_axis',(0.,-1.,0.));
#1185=DIRECTION('center_axis',(-1.,-8.22387425648264E-17,0.));
#1186=DIRECTION('ref_axis',(0.,-0.707106781186547,-0.707106781186548));
#1187=DIRECTION('',(1.,8.22387425648264E-17,0.));
#1188=DIRECTION('',(-1.,-8.22387425648264E-17,0.));
#1189=DIRECTION('',(-1.,-8.22387425648264E-17,0.));
#1190=DIRECTION('',(-1.,-8.22387425648264E-17,0.));
#1191=DIRECTION('center_axis',(8.22387425648264E-17,-1.,0.));
#1192=DIRECTION('ref_axis',(-1.,-8.22387425648264E-17,0.));
#1193=DIRECTION('',(0.,0.,1.));
#1194=DIRECTION('center_axis',(8.22387425648264E-17,-1.,0.));
#1195=DIRECTION('ref_axis',(-1.,-8.22387425648264E-17,0.));
#1196=DIRECTION('',(0.,0.,1.));
#1197=DIRECTION('center_axis',(0.,0.,-1.));
#1198=DIRECTION('ref_axis',(-1.,0.,0.));
#1199=DIRECTION('center_axis',(0.,-2.4712810787427E-16,-1.));
#1200=DIRECTION('ref_axis',(-1.,0.,0.));
#1201=DIRECTION('',(-1.,3.73042500689889E-17,-1.87447949314376E-17));
#1202=DIRECTION('',(1.34042390078337E-16,-1.,3.08138237930079E-16));
#1203=DIRECTION('',(1.,-1.39794779979523E-29,1.87447949314375E-17));
#1204=DIRECTION('',(1.39852539860328E-29,1.,-3.08138237930079E-16));
#1205=DIRECTION('center_axis',(-1.,-2.91206039245943E-16,0.));
#1206=DIRECTION('ref_axis',(2.91206039245943E-16,-1.,0.));
#1207=DIRECTION('',(0.,-2.4712810787427E-16,-1.));
#1208=DIRECTION('',(0.,0.,-1.));
#1209=DIRECTION('center_axis',(0.,1.,0.));
#1210=DIRECTION('ref_axis',(-1.,0.,0.));
#1211=DIRECTION('',(0.,0.,-1.));
#1212=DIRECTION('center_axis',(8.22387425648264E-17,-1.,0.));
#1213=DIRECTION('ref_axis',(1.,8.22387425648264E-17,0.));
#1214=DIRECTION('',(0.,0.,-1.));
#1215=DIRECTION('center_axis',(1.,0.,0.));
#1216=DIRECTION('ref_axis',(0.,1.,0.));
#1217=DIRECTION('center_axis',(2.00830956068649E-10,1.,0.));
#1218=DIRECTION('ref_axis',(0.,0.,1.));
#1219=DIRECTION('center_axis',(0.,0.,-1.));
#1220=DIRECTION('ref_axis',(-1.,0.,0.));
#1221=DIRECTION('center_axis',(0.,0.,1.));
#1222=DIRECTION('ref_axis',(3.83137965798135E-13,-1.,7.06135858383699E-15));
#1223=DIRECTION('',(-6.52681413924621E-27,-1.,0.));
#1224=DIRECTION('center_axis',(0.,0.,-1.));
#1225=DIRECTION('ref_axis',(3.83137965798135E-13,-1.,7.06135858383699E-15));
#1226=DIRECTION('',(-1.,6.52682086565715E-27,0.));
#1227=DIRECTION('center_axis',(0.,0.,-1.));
#1228=DIRECTION('ref_axis',(-1.,0.,0.));
#1229=DIRECTION('center_axis',(0.,0.,1.));
#1230=DIRECTION('ref_axis',(3.83137965798135E-13,-1.,7.06135858383699E-15));
#1231=DIRECTION('',(6.52681413924621E-27,1.,0.));
#1232=DIRECTION('center_axis',(0.,0.,-1.));
#1233=DIRECTION('ref_axis',(3.83137965798135E-13,-1.,7.06135858383699E-15));
#1234=DIRECTION('',(1.,-4.185525785609E-18,0.));
#1235=DIRECTION('center_axis',(0.,0.,-1.));
#1236=DIRECTION('ref_axis',(-1.,0.,0.));
#1237=DIRECTION('center_axis',(0.,0.,1.));
#1238=DIRECTION('ref_axis',(3.83137965798135E-13,-1.,7.06135858383699E-15));
#1239=DIRECTION('',(-1.,6.52682086565715E-27,0.));
#1240=DIRECTION('center_axis',(0.,0.,-1.));
#1241=DIRECTION('ref_axis',(3.83137965798135E-13,-1.,7.06135858383699E-15));
#1242=DIRECTION('',(6.52681413924621E-27,1.,0.));
#1243=DIRECTION('center_axis',(0.,0.,-1.));
#1244=DIRECTION('ref_axis',(-1.,0.,0.));
#1245=DIRECTION('center_axis',(0.,0.,1.));
#1246=DIRECTION('ref_axis',(3.83137965798135E-13,-1.,7.06135858383699E-15));
#1247=DIRECTION('',(1.,-4.185525785609E-18,0.));
#1248=DIRECTION('center_axis',(0.,0.,-1.));
#1249=DIRECTION('ref_axis',(3.83137965798135E-13,-1.,7.06135858383699E-15));
#1250=DIRECTION('',(-6.52681413924621E-27,-1.,0.));
#1251=DIRECTION('center_axis',(-4.185525785609E-18,-1.,3.06772151541162E-16));
#1252=DIRECTION('ref_axis',(-1.,4.185525785609E-18,-1.87441385292336E-17));
#1253=DIRECTION('',(0.,-3.46944695195361E-16,-1.));
#1254=DIRECTION('',(-1.,4.185525785609E-18,-1.87441385292336E-17));
#1255=DIRECTION('center_axis',(6.52682086565715E-27,1.,-3.06772151541162E-16));
#1256=DIRECTION('ref_axis',(1.,-6.52681511547745E-27,1.87441385292336E-17));
#1257=DIRECTION('',(0.,0.,-1.));
#1258=DIRECTION('',(1.,-6.52681511547745E-27,1.87441385292336E-17));
#1259=DIRECTION('center_axis',(1.,-6.52681413924621E-27,2.19122965386544E-17));
#1260=DIRECTION('ref_axis',(-6.52682089126684E-27,-1.,3.08138428559521E-16));
#1261=DIRECTION('',(0.,-3.46944695195361E-16,-1.));
#1262=DIRECTION('',(-6.52682089126684E-27,-1.,3.08138428559521E-16));
#1263=DIRECTION('center_axis',(-3.1992804380562E-14,7.06135858382473E-15,
1.));
#1264=DIRECTION('ref_axis',(3.83137965798135E-13,-1.,7.06135858383699E-15));
#1265=DIRECTION('center_axis',(-1.87441385292336E-17,3.08138428559521E-16,
1.));
#1266=DIRECTION('ref_axis',(-1.,6.52681511547744E-27,-1.87441385292336E-17));
#1267=DIRECTION('',(-6.796256243139E-14,0.0942841093608888,0.995545331324508));
#1268=DIRECTION('center_axis',(2.19122965386544E-17,-3.06772151541162E-16,
-1.));
#1269=DIRECTION('ref_axis',(3.83137965798135E-13,-1.,7.06135858383699E-15));
#1270=DIRECTION('center_axis',(2.19122965386544E-17,-3.06772151541162E-16,
-1.));
#1271=DIRECTION('ref_axis',(3.83137965798135E-13,-1.,7.06135858383699E-15));
#1272=DIRECTION('center_axis',(2.19122965386544E-17,-3.06772151541162E-16,
-1.));
#1273=DIRECTION('ref_axis',(3.83137965798135E-13,-1.,7.06135858383699E-15));
#1274=DIRECTION('center_axis',(2.19122965386544E-17,-3.06772151541162E-16,
-1.));
#1275=DIRECTION('ref_axis',(3.83137965798135E-13,-1.,7.06135858383699E-15));
#1276=DIRECTION('center_axis',(2.19122965386544E-17,-3.06772151541162E-16,
-1.));
#1277=DIRECTION('ref_axis',(3.83137965798135E-13,-1.,7.06135858383699E-15));
#1278=DIRECTION('center_axis',(-1.,6.52681413924621E-27,-2.19122965386544E-17));
#1279=DIRECTION('ref_axis',(6.52682089126684E-27,1.,-3.08138428559521E-16));
#1280=DIRECTION('',(0.,0.,-1.));
#1281=DIRECTION('',(6.52682089126684E-27,1.,-3.08138428559521E-16));
#1282=DIRECTION('center_axis',(-3.1992804380562E-14,7.06135858382473E-15,
1.));
#1283=DIRECTION('ref_axis',(3.83137965798135E-13,-1.,7.06135858383699E-15));
#1284=DIRECTION('center_axis',(-1.87441385292336E-17,3.08138428559521E-16,
1.));
#1285=DIRECTION('ref_axis',(3.83137965798135E-13,-1.,7.06135858383699E-15));
#1286=DIRECTION('center_axis',(-1.,6.52681413924621E-27,-2.19122965386544E-17));
#1287=DIRECTION('ref_axis',(6.52682089126684E-27,1.,-3.08138428559521E-16));
#1288=DIRECTION('',(6.52682089126684E-27,1.,-3.08138428559521E-16));
#1289=DIRECTION('',(0.,3.46944695195361E-16,1.));
#1290=DIRECTION('center_axis',(-3.1992804380562E-14,7.06135858382473E-15,
1.));
#1291=DIRECTION('ref_axis',(3.83137965798135E-13,-1.,7.06135858383699E-15));
#1292=DIRECTION('center_axis',(-1.87441385292336E-17,3.08138428559521E-16,
1.));
#1293=DIRECTION('ref_axis',(3.83137965798135E-13,-1.,7.06135858383699E-15));
#1294=DIRECTION('center_axis',(1.,-6.52681413924621E-27,2.19122965386544E-17));
#1295=DIRECTION('ref_axis',(-6.52682089126684E-27,-1.,3.08138428559521E-16));
#1296=DIRECTION('',(-6.52682089126684E-27,-1.,3.08138428559521E-16));
#1297=DIRECTION('',(0.,0.,1.));
#1298=DIRECTION('center_axis',(-3.1992804380562E-14,7.06135858382473E-15,
1.));
#1299=DIRECTION('ref_axis',(3.83137965798135E-13,-1.,7.06135858383699E-15));
#1300=DIRECTION('center_axis',(-1.87441385292336E-17,3.08138428559521E-16,
1.));
#1301=DIRECTION('ref_axis',(3.83137965798135E-13,-1.,7.06135858383699E-15));
#1302=DIRECTION('center_axis',(-4.185525785609E-18,-1.,3.06772151541162E-16));
#1303=DIRECTION('ref_axis',(-1.,4.185525785609E-18,-1.87441385292336E-17));
#1304=DIRECTION('',(-1.,4.185525785609E-18,-1.87441385292336E-17));
#1305=DIRECTION('',(0.,3.46944695195361E-16,1.));
#1306=DIRECTION('center_axis',(-3.1992804380562E-14,7.06135858382473E-15,
1.));
#1307=DIRECTION('ref_axis',(3.83137965798135E-13,-1.,7.06135858383699E-15));
#1308=DIRECTION('center_axis',(-1.87441385292336E-17,3.08138428559521E-16,
1.));
#1309=DIRECTION('ref_axis',(3.83137965798135E-13,-1.,7.06135858383699E-15));
#1310=DIRECTION('center_axis',(6.52682086565715E-27,1.,-3.06772151541162E-16));
#1311=DIRECTION('ref_axis',(1.,-6.52681511547745E-27,1.87441385292336E-17));
#1312=DIRECTION('',(1.,-6.52681511547745E-27,1.87441385292336E-17));
#1313=DIRECTION('',(0.,0.,1.));
#1314=DIRECTION('center_axis',(-6.52681511547745E-27,-1.,0.));
#1315=DIRECTION('ref_axis',(-1.,6.52681511547745E-27,-1.87441385292336E-17));
#1316=DIRECTION('',(1.,-6.52681511547745E-27,1.87441385292336E-17));
#1317=DIRECTION('',(0.,0.,-1.));
#1318=DIRECTION('',(1.,-6.52681511547745E-27,1.87441385292336E-17));
#1319=DIRECTION('',(0.,0.,-1.));
#1320=DIRECTION('center_axis',(-1.,6.52682089126684E-27,0.));
#1321=DIRECTION('ref_axis',(6.52682089126684E-27,1.,-3.08138428559521E-16));
#1322=DIRECTION('',(-6.52682089126684E-27,-1.,3.08138428559521E-16));
#1323=DIRECTION('',(-6.52682089126684E-27,-1.,3.08138428559521E-16));
#1324=DIRECTION('',(0.,0.,-1.));
#1325=DIRECTION('center_axis',(0.,0.,-1.));
#1326=DIRECTION('ref_axis',(3.83137965798135E-13,-1.,0.));
#1327=DIRECTION('center_axis',(-1.87441385292336E-17,3.08138428559521E-16,
1.));
#1328=DIRECTION('ref_axis',(3.83137965798135E-13,-1.,0.));
#1329=DIRECTION('center_axis',(1.,-6.52682089126684E-27,0.));
#1330=DIRECTION('ref_axis',(-6.52682089126684E-27,-1.,3.08138428559521E-16));
#1331=DIRECTION('',(6.52682089126684E-27,1.,-3.08138428559521E-16));
#1332=DIRECTION('',(0.,0.,-1.));
#1333=DIRECTION('',(6.52682089126684E-27,1.,-3.08138428559521E-16));
#1334=DIRECTION('',(0.,0.,-1.));
#1335=DIRECTION('center_axis',(-6.52681511547745E-27,-1.,0.));
#1336=DIRECTION('ref_axis',(-1.,6.52681511547745E-27,-1.87441385292336E-17));
#1337=DIRECTION('',(1.,-6.52681511547745E-27,1.87441385292336E-17));
#1338=DIRECTION('',(1.,-6.52681511547745E-27,1.87441385292336E-17));
#1339=DIRECTION('',(0.,0.,-1.));
#1340=DIRECTION('center_axis',(0.,0.,-1.));
#1341=DIRECTION('ref_axis',(3.83137965798135E-13,-1.,0.));
#1342=DIRECTION('center_axis',(-1.87441385292336E-17,3.08138428559521E-16,
1.));
#1343=DIRECTION('ref_axis',(3.83137965798135E-13,-1.,0.));
#1344=DIRECTION('center_axis',(4.185525785609E-18,1.,-3.46944695195361E-16));
#1345=DIRECTION('ref_axis',(1.,-4.185525785609E-18,1.87441385292336E-17));
#1346=DIRECTION('',(-1.,4.185525785609E-18,-1.87441385292336E-17));
#1347=DIRECTION('',(0.,-3.46944695195361E-16,-1.));
#1348=DIRECTION('',(-1.,4.185525785609E-18,-1.87441385292336E-17));
#1349=DIRECTION('',(0.,-3.46944695195361E-16,-1.));
#1350=DIRECTION('center_axis',(1.,-6.52682089126684E-27,2.26444588471529E-42));
#1351=DIRECTION('ref_axis',(-6.52682089126684E-27,-1.,3.08138428559521E-16));
#1352=DIRECTION('',(6.52682089126684E-27,1.,-3.08138428559521E-16));
#1353=DIRECTION('',(6.52682089126684E-27,1.,-3.08138428559521E-16));
#1354=DIRECTION('',(0.,-3.46944695195361E-16,-1.));
#1355=DIRECTION('center_axis',(0.,-3.46944695195361E-16,-1.));
#1356=DIRECTION('ref_axis',(3.83137965798135E-13,-1.,3.46944695195362E-16));
#1357=DIRECTION('center_axis',(-1.87441385292336E-17,3.08138428559521E-16,
1.));
#1358=DIRECTION('ref_axis',(3.83137965798135E-13,-1.,3.46944695195362E-16));
#1359=DIRECTION('center_axis',(-1.,6.52682089126684E-27,-2.26444588471529E-42));
#1360=DIRECTION('ref_axis',(6.52682089126684E-27,1.,-3.08138428559521E-16));
#1361=DIRECTION('',(-6.52682089126684E-27,-1.,3.08138428559521E-16));
#1362=DIRECTION('',(0.,-3.46944695195361E-16,-1.));
#1363=DIRECTION('',(-6.52682089126684E-27,-1.,3.08138428559521E-16));
#1364=DIRECTION('',(0.,-3.46944695195361E-16,-1.));
#1365=DIRECTION('center_axis',(4.185525785609E-18,1.,-3.46944695195361E-16));
#1366=DIRECTION('ref_axis',(1.,-4.185525785609E-18,1.87441385292336E-17));
#1367=DIRECTION('',(-1.,4.185525785609E-18,-1.87441385292336E-17));
#1368=DIRECTION('',(-1.,4.185525785609E-18,-1.87441385292336E-17));
#1369=DIRECTION('',(0.,-3.46944695195361E-16,-1.));
#1370=DIRECTION('center_axis',(0.,-3.46944695195361E-16,-1.));
#1371=DIRECTION('ref_axis',(3.83137965798135E-13,-1.,3.46944695195362E-16));
#1372=DIRECTION('center_axis',(-1.87441385292336E-17,3.08138428559521E-16,
1.));
#1373=DIRECTION('ref_axis',(3.83137965798135E-13,-1.,3.46944695195362E-16));
#1374=DIRECTION('center_axis',(2.19122965386544E-17,-3.06772151541162E-16,
-1.));
#1375=DIRECTION('ref_axis',(-1.,0.,-2.19122965386544E-17));
#1376=DIRECTION('center_axis',(-1.87441385292336E-17,3.08138428559521E-16,
1.));
#1377=DIRECTION('ref_axis',(1.,0.,1.87441385292336E-17));
#1378=CARTESIAN_POINT('',(0.,0.,0.));
#1379=CARTESIAN_POINT('Ctrl Pts',(-13.4491108295458,-6.79320154519676,-1.40383496515));
#1380=CARTESIAN_POINT('Ctrl Pts',(-13.6735103048022,-7.12980075808138,-1.40383496515));
#1381=CARTESIAN_POINT('Ctrl Pts',(-14.0462172799897,-7.68886122086263,-1.2074282604671));
#1382=CARTESIAN_POINT('Ctrl Pts',(-14.3807375073834,-8.19064156195319,-0.576341519487047));
#1383=CARTESIAN_POINT('Ctrl Pts',(-14.4491108295458,-8.29320154519676,-0.128234440406415));
#1384=CARTESIAN_POINT('Ctrl Pts',(-14.4491108295458,-8.29320154519676,0.0961650348499993));
#1385=CARTESIAN_POINT('Ctrl Pts',(-13.4491108295458,-6.79320154519676,-1.40383496515));
#1386=CARTESIAN_POINT('Ctrl Pts',(-13.6922102610736,-7.11110080181001,-1.40383496515));
#1387=CARTESIAN_POINT('Ctrl Pts',(-14.0959664199538,-7.63996318052394,-1.2335424457274));
#1388=CARTESIAN_POINT('Ctrl Pts',(-14.4886626205653,-8.1688075496935,-0.630334125161925));
#1389=CARTESIAN_POINT('Ctrl Pts',(-14.5800105234454,-8.29320154519676,-0.148010434083336));
#1390=CARTESIAN_POINT('Ctrl Pts',(-14.5800105234454,-8.29320154519676,0.0961650348499993));
#1391=CARTESIAN_POINT('Ctrl Pts',(-13.4491108295458,-6.79320154519676,-1.40383496515));
#1392=CARTESIAN_POINT('Ctrl Pts',(-13.7296101736163,-7.07370088926727,-1.40383496515));
#1393=CARTESIAN_POINT('Ctrl Pts',(-14.1959979263432,-7.54008864199413,-1.25929825470467));
#1394=CARTESIAN_POINT('Ctrl Pts',(-14.7042495123588,-8.04834022800972,-0.690685939876442));
#1395=CARTESIAN_POINT('Ctrl Pts',(-14.8407895871752,-8.18488030282617,-0.170458442341337));
#1396=CARTESIAN_POINT('Ctrl Pts',(-14.8407895871752,-8.18488030282617,0.0961650348499995));
#1397=CARTESIAN_POINT('Ctrl Pts',(-13.4491108295458,-6.79320154519676,-1.40383496515));
#1398=CARTESIAN_POINT('Ctrl Pts',(-13.7670100861591,-7.03630097672454,-1.40383496515));
#1399=CARTESIAN_POINT('Ctrl Pts',(-14.295872464873,-7.44005713560478,-1.2335424457274));
#1400=CARTESIAN_POINT('Ctrl Pts',(-14.8247168340426,-7.83275333621626,-0.630334125161924));
#1401=CARTESIAN_POINT('Ctrl Pts',(-14.9491108295458,-7.92410123909633,-0.148010434083335));
#1402=CARTESIAN_POINT('Ctrl Pts',(-14.9491108295458,-7.92410123909633,0.09616503485));
#1403=CARTESIAN_POINT('Ctrl Pts',(-13.4491108295458,-6.79320154519676,-1.40383496515));
#1404=CARTESIAN_POINT('Ctrl Pts',(-13.7857100424304,-7.01760102045317,-1.40383496515));
#1405=CARTESIAN_POINT('Ctrl Pts',(-14.3447705052117,-7.39030799564067,-1.2074282604671));
#1406=CARTESIAN_POINT('Ctrl Pts',(-14.8465508463023,-7.72482822303438,-0.576341519487047));
#1407=CARTESIAN_POINT('Ctrl Pts',(-14.9491108295458,-7.79320154519676,-0.128234440406414));
#1408=CARTESIAN_POINT('Ctrl Pts',(-14.9491108295458,-7.79320154519676,0.0961650348500002));
#1409=CARTESIAN_POINT('',(-14.4491108295458,-8.29320154519676,0.0961650348500001));
#1410=CARTESIAN_POINT('',(-14.9491108295458,-7.79320154519676,0.0961650348499998));
#1411=CARTESIAN_POINT('Origin',(-14.4491108295458,-7.79320154519676,0.0961650348500001));
#1412=CARTESIAN_POINT('',(-13.4491108295458,-6.79320154519676,-1.40383496515));
#1413=CARTESIAN_POINT('Origin',(-13.4491108295458,-6.79320154519676,0.0961650348499998));
#1414=CARTESIAN_POINT('Origin',(-13.4491108295458,-6.79320154519676,0.0961650348499997));
#1415=CARTESIAN_POINT('Origin',(-14.4491108295458,-7.79320154519676,2.24613594424));
#1416=CARTESIAN_POINT('',(-14.4491108295458,-8.29320154519676,8.98454377696));
#1417=CARTESIAN_POINT('',(-14.9491108295458,-7.79320154519675,8.98454377696));
#1418=CARTESIAN_POINT('Origin',(-14.4491108295458,-7.79320154519676,8.98454377696));
#1419=CARTESIAN_POINT('',(-14.9491108295458,-7.79320154519676,2.24613594424));
#1420=CARTESIAN_POINT('',(-14.4491108295458,-8.29320154519676,2.24613594424));
#1421=CARTESIAN_POINT('Origin',(-13.4491108295458,0.270191742218244,0.0961650348499998));
#1422=CARTESIAN_POINT('',(-14.9491108295458,8.33358502963325,0.0961650348499998));
#1423=CARTESIAN_POINT('',(-14.9491108295458,0.270191742218244,0.0961650348499998));
#1424=CARTESIAN_POINT('',(-13.4491108295458,7.33358502963325,-1.40383496515));
#1425=CARTESIAN_POINT('Origin',(-13.4491108295458,7.33358502963325,0.0961650348499998));
#1426=CARTESIAN_POINT('',(-13.4491108295458,0.270191742218244,-1.40383496515));
#1427=CARTESIAN_POINT('Origin',(-14.9491108295458,0.270191742218244,4.49227188848));
#1428=CARTESIAN_POINT('',(-14.9491108295458,8.33358502963325,8.98454377696));
#1429=CARTESIAN_POINT('',(-14.9491108295458,8.83358502963325,8.98454377696));
#1430=CARTESIAN_POINT('',(-14.9491108295458,8.33358502963325,4.49227188848));
#1431=CARTESIAN_POINT('Origin',(-7.43859376442441,0.270191742218244,8.98454377696));
#1432=CARTESIAN_POINT('',(0.19826844586608,-8.29320154519394,8.98454377696));
#1433=CARTESIAN_POINT('',(-14.9491108295458,-8.29320154519676,8.98454377696));
#1434=CARTESIAN_POINT('',(0.22634514516908,-8.29320154519957,8.98454377696));
#1435=CARTESIAN_POINT('',(0.21230679551758,-8.29320154519676,8.98454377696));
#1436=CARTESIAN_POINT('',(14.8737244172394,-8.29320154519675,8.98454377696));
#1437=CARTESIAN_POINT('',(-14.9491108295458,-8.29320154519676,8.98454377696));
#1438=CARTESIAN_POINT('',(15.3737244176942,-7.79320154522495,8.98454377696));
#1439=CARTESIAN_POINT('Origin',(14.8737244172394,-7.79320154519675,8.98454377696));
#1440=CARTESIAN_POINT('',(15.3737244176942,8.33358502960505,8.98454377696));
#1441=CARTESIAN_POINT('',(15.3737244176942,-8.29320154519675,8.98454377696));
#1442=CARTESIAN_POINT('',(14.873724418149,8.83358502963325,8.98454377696));
#1443=CARTESIAN_POINT('Origin',(14.873724418149,8.33358502963325,8.98454377696));
#1444=CARTESIAN_POINT('',(-14.4491108295458,8.83358502963325,8.98454377696));
#1445=CARTESIAN_POINT('',(15.3737244176942,8.83358502963325,8.98454377696));
#1446=CARTESIAN_POINT('Origin',(-14.4491108295458,8.33358502963325,8.98454377696));
#1447=CARTESIAN_POINT('',(15.0929574246642,-8.01243455216675,8.98454377696));
#1448=CARTESIAN_POINT('',(-14.6683438365158,-8.01243455216675,8.98454377696));
#1449=CARTESIAN_POINT('',(-7.36840201773582,-8.01243455216675,8.98454377696));
#1450=CARTESIAN_POINT('',(-14.6683438365158,8.55281803660325,8.98454377696));
#1451=CARTESIAN_POINT('',(-14.6683438365158,4.55188838592574,8.98454377696));
#1452=CARTESIAN_POINT('',(15.0929574246642,8.55281803660325,8.98454377696));
#1453=CARTESIAN_POINT('',(7.79301560588418,8.55281803660325,8.98454377696));
#1454=CARTESIAN_POINT('',(15.0929574246642,-4.01150490148925,8.98454377696));
#1455=CARTESIAN_POINT('Ctrl Pts',(-13.4491108295458,7.33358502963325,-1.40383496515));
#1456=CARTESIAN_POINT('Ctrl Pts',(-13.7857100424304,7.55798450488966,-1.40383496515));
#1457=CARTESIAN_POINT('Ctrl Pts',(-14.3447686062628,7.93069021411127,-1.20742278918651));
#1458=CARTESIAN_POINT('Ctrl Pts',(-14.8465493565109,8.2652107142766,-0.576340024912111));
#1459=CARTESIAN_POINT('Ctrl Pts',(-14.9491108295458,8.33358502963325,-0.128234440406414));
#1460=CARTESIAN_POINT('Ctrl Pts',(-14.9491108295458,8.33358502963325,0.0961650348499998));
#1461=CARTESIAN_POINT('Ctrl Pts',(-13.4491108295458,7.33358502963325,-1.40383496515));
#1462=CARTESIAN_POINT('Ctrl Pts',(-13.7670100861591,7.57668446116103,-1.40383496515));
#1463=CARTESIAN_POINT('Ctrl Pts',(-14.2958659068711,7.98043708792612,-1.23353935356704));
#1464=CARTESIAN_POINT('Ctrl Pts',(-14.824710901639,8.37313322012823,-0.630331700007994));
#1465=CARTESIAN_POINT('Ctrl Pts',(-14.9491108295458,8.46448472353282,-0.148010434083334));
#1466=CARTESIAN_POINT('Ctrl Pts',(-14.9491108295458,8.46448472353282,0.0961650348499998));
#1467=CARTESIAN_POINT('Ctrl Pts',(-13.4491108295458,7.33358502963325,-1.40383496515));
#1468=CARTESIAN_POINT('Ctrl Pts',(-13.7296101736163,7.61408437370377,-1.40383496515));
#1469=CARTESIAN_POINT('Ctrl Pts',(-14.1959938945209,8.08046809460829,-1.25929558503251));
#1470=CARTESIAN_POINT('Ctrl Pts',(-14.7042415057688,8.58871570585623,-0.690672673711081));
#1471=CARTESIAN_POINT('Ctrl Pts',(-14.8407864672656,8.72526066735301,-0.170458442341335));
#1472=CARTESIAN_POINT('Ctrl Pts',(-14.8407864672656,8.72526066735301,0.0961650348499999));
#1473=CARTESIAN_POINT('Ctrl Pts',(-13.4491108295458,7.33358502963325,-1.40383496515));
#1474=CARTESIAN_POINT('Ctrl Pts',(-13.6922102610736,7.6514842862465,-1.40383496515));
#1475=CARTESIAN_POINT('Ctrl Pts',(-14.0959628878387,8.18034010695848,-1.23353935356704));
#1476=CARTESIAN_POINT('Ctrl Pts',(-14.4886590200408,8.70918510172647,-0.630331700007994));
#1477=CARTESIAN_POINT('Ctrl Pts',(-14.5800105234454,8.83358502963324,-0.148010434083334));
#1478=CARTESIAN_POINT('Ctrl Pts',(-14.5800105234454,8.83358502963324,0.09616503485));
#1479=CARTESIAN_POINT('Ctrl Pts',(-13.4491108295458,7.33358502963325,-1.40383496515));
#1480=CARTESIAN_POINT('Ctrl Pts',(-13.6735103048022,7.67018424251787,-1.40383496515));
#1481=CARTESIAN_POINT('Ctrl Pts',(-14.0462160140238,8.22924280635028,-1.20742278918651));
#1482=CARTESIAN_POINT('Ctrl Pts',(-14.3807365141892,8.73102355659828,-0.576340024912112));
#1483=CARTESIAN_POINT('Ctrl Pts',(-14.4491108295458,8.83358502963324,-0.128234440406414));
#1484=CARTESIAN_POINT('Ctrl Pts',(-14.4491108295458,8.83358502963324,0.09616503485));
#1485=CARTESIAN_POINT('',(-14.4491108295458,8.83358502963325,0.0961650348499998));
#1486=CARTESIAN_POINT('Origin',(-14.4491108295458,8.33358502963325,0.0961650348499998));
#1487=CARTESIAN_POINT('Origin',(-13.4491108295458,7.33358502963325,0.0961650348499998));
#1488=CARTESIAN_POINT('Origin',(-14.4491108295458,8.33358502963325,4.49227188848));
#1489=CARTESIAN_POINT('',(-14.4491108295458,8.83358502963325,4.49227188848));
#1490=CARTESIAN_POINT('Origin',(0.212306794074183,7.33358502963325,0.0961650348499998));
#1491=CARTESIAN_POINT('',(14.873724418149,8.83358502963325,0.0961650348499996));
#1492=CARTESIAN_POINT('',(0.212306794074183,8.83358502963325,0.0961650348499998));
#1493=CARTESIAN_POINT('',(13.8737244180926,7.33358502963325,-1.40383496515));
#1494=CARTESIAN_POINT('Ctrl Pts',(13.8737244180926,7.33358502963325,-1.40383496515));
#1495=CARTESIAN_POINT('Ctrl Pts',(13.8751286334188,7.33569135262251,-1.40383496515));
#1496=CARTESIAN_POINT('Ctrl Pts',(13.876532793685,7.33779759302166,-1.40383037363082));
#1497=CARTESIAN_POINT('Ctrl Pts',(13.9673442684479,7.47401480515792,-1.40327188998572));
#1498=CARTESIAN_POINT('Ctrl Pts',(14.1466165934672,7.74292329267195,-1.36629383793836));
#1499=CARTESIAN_POINT('Ctrl Pts',(14.4049332986135,8.13039835036941,-1.19913327539033));
#1500=CARTESIAN_POINT('Ctrl Pts',(14.6391420977272,8.48171154902042,-0.907202382038559));
#1501=CARTESIAN_POINT('Ctrl Pts',(14.8222135884384,8.75631878507162,-0.473790530426618));
#1502=CARTESIAN_POINT('Ctrl Pts',(14.873724418149,8.83358502963325,-0.0934877475649403));
#1503=CARTESIAN_POINT('Ctrl Pts',(14.873724418149,8.83358502963325,0.0961650348499994));
#1504=CARTESIAN_POINT('',(0.212306794074183,7.33358502963325,-1.40383496515));
#1505=CARTESIAN_POINT('Origin',(0.212306794074184,8.83358502963325,4.49227188848));
#1506=CARTESIAN_POINT('',(14.873724418149,8.83358502963325,4.49227188848));
#1507=CARTESIAN_POINT('Ctrl Pts',(13.8737244180926,7.33358502963325,-1.40383496515));
#1508=CARTESIAN_POINT('Ctrl Pts',(13.8751286334188,7.33569135262251,-1.40383496515));
#1509=CARTESIAN_POINT('Ctrl Pts',(13.876532793685,7.33779759302166,-1.40383037363082));
#1510=CARTESIAN_POINT('Ctrl Pts',(13.9673442684479,7.47401480515792,-1.40327188998572));
#1511=CARTESIAN_POINT('Ctrl Pts',(14.1466165934672,7.74292329267195,-1.36629383793836));
#1512=CARTESIAN_POINT('Ctrl Pts',(14.4049332986135,8.13039835036941,-1.19913327539033));
#1513=CARTESIAN_POINT('Ctrl Pts',(14.6391420977272,8.48171154902042,-0.907202382038559));
#1514=CARTESIAN_POINT('Ctrl Pts',(14.8222135884384,8.75631878507162,-0.473790530426618));
#1515=CARTESIAN_POINT('Ctrl Pts',(14.873724418149,8.83358502963325,-0.0934877475649403));
#1516=CARTESIAN_POINT('Ctrl Pts',(14.873724418149,8.83358502963325,0.0961650348499994));
#1517=CARTESIAN_POINT('Ctrl Pts',(13.8737244180926,7.33358502963325,-1.40383496515));
#1518=CARTESIAN_POINT('Ctrl Pts',(13.8753640253596,7.33545807936336,-1.40383403157262));
#1519=CARTESIAN_POINT('Ctrl Pts',(13.8769992519192,7.33732868552624,-1.40383256146222));
#1520=CARTESIAN_POINT('Ctrl Pts',(13.9830237585728,7.45844061236201,-1.4033285243977));
#1521=CARTESIAN_POINT('Ctrl Pts',(14.1920583481824,7.6973768890693,-1.37498676853441));
#1522=CARTESIAN_POINT('Ctrl Pts',(14.5004219644309,8.0553670088271,-1.24130317482879));
#1523=CARTESIAN_POINT('Ctrl Pts',(14.7945937078488,8.40714838531084,-0.9905614491606));
#1524=CARTESIAN_POINT('Ctrl Pts',(15.050785615239,8.72546284685664,-0.565991375287309));
#1525=CARTESIAN_POINT('Ctrl Pts',(15.1364651094762,8.83478670035387,-0.12854981217016));
#1526=CARTESIAN_POINT('Ctrl Pts',(15.1355238059575,8.83358502963325,0.0961650348499993));
#1527=CARTESIAN_POINT('Ctrl Pts',(13.8737244180926,7.33358502963325,-1.40383496515));
#1528=CARTESIAN_POINT('Ctrl Pts',(13.8755974678228,7.33522463690018,-1.40383403157262));
#1529=CARTESIAN_POINT('Ctrl Pts',(13.8774680739857,7.33685986345968,-1.40383256146222));
#1530=CARTESIAN_POINT('Ctrl Pts',(13.9985800008279,7.44288437010609,-1.4033285243977));
#1531=CARTESIAN_POINT('Ctrl Pts',(14.2375162775466,7.65191895970251,-1.37498676853441));
#1532=CARTESIAN_POINT('Ctrl Pts',(14.595506397322,7.96028257593067,-1.2413031748288));
#1533=CARTESIAN_POINT('Ctrl Pts',(14.9472877738222,8.25445431932893,-0.990561449160598));
#1534=CARTESIAN_POINT('Ctrl Pts',(15.2656022353824,8.51064622670114,-0.565991375287308));
#1535=CARTESIAN_POINT('Ctrl Pts',(15.3749260888844,8.59632572093223,-0.128549812170159));
#1536=CARTESIAN_POINT('Ctrl Pts',(15.3737244181637,8.5953844174136,0.0961650348499993));
#1537=CARTESIAN_POINT('Ctrl Pts',(13.8737244180926,7.33358502963325,-1.40383496515));
#1538=CARTESIAN_POINT('Ctrl Pts',(13.8758307410819,7.3349892449594,-1.40383496515));
#1539=CARTESIAN_POINT('Ctrl Pts',(13.8779369814811,7.33639340522544,-1.40383037363082));
#1540=CARTESIAN_POINT('Ctrl Pts',(14.0141541936229,7.42720487998036,-1.40327188998572));
#1541=CARTESIAN_POINT('Ctrl Pts',(14.2830626811467,7.60647720498468,-1.36629383793836));
#1542=CARTESIAN_POINT('Ctrl Pts',(14.6705377388589,7.86479391010903,-1.19913327539033));
#1543=CARTESIAN_POINT('Ctrl Pts',(15.021850937523,8.09900270920311,-0.907202382038558));
#1544=CARTESIAN_POINT('Ctrl Pts',(15.2964581735845,8.28207419989874,-0.473790530426616));
#1545=CARTESIAN_POINT('Ctrl Pts',(15.373724418149,8.33358502960505,-0.0934877475649403));
#1546=CARTESIAN_POINT('Ctrl Pts',(15.373724418149,8.33358502960505,0.0961650348499994));
#1547=CARTESIAN_POINT('',(15.373724418149,8.33358502960505,0.0961650348499996));
#1548=CARTESIAN_POINT('Origin',(14.873724418149,8.33358502963325,0.0961650348499996));
#1549=CARTESIAN_POINT('Ctrl Pts',(15.373724418149,8.33358502960505,0.0961650348499994));
#1550=CARTESIAN_POINT('Ctrl Pts',(15.373724418149,8.33358502960505,-0.0934877475649403));
#1551=CARTESIAN_POINT('Ctrl Pts',(15.2964581735845,8.28207419989874,-0.473790530426616));
#1552=CARTESIAN_POINT('Ctrl Pts',(15.021850937523,8.09900270920311,-0.907202382038558));
#1553=CARTESIAN_POINT('Ctrl Pts',(14.6705377388589,7.86479391010903,-1.19913327539033));
#1554=CARTESIAN_POINT('Ctrl Pts',(14.2830626811467,7.60647720498468,-1.36629383793836));
#1555=CARTESIAN_POINT('Ctrl Pts',(14.0141541936229,7.42720487998036,-1.40327188998572));
#1556=CARTESIAN_POINT('Ctrl Pts',(13.8779369814811,7.33639340522544,-1.40383037363082));
#1557=CARTESIAN_POINT('Ctrl Pts',(13.8758307410819,7.3349892449594,-1.40383496515));
#1558=CARTESIAN_POINT('Ctrl Pts',(13.8737244180926,7.33358502963325,-1.40383496515));
#1559=CARTESIAN_POINT('Origin',(14.873724418149,8.33358502963325,4.49227188848));
#1560=CARTESIAN_POINT('',(15.373724418149,8.33358502960505,4.49227188848));
#1561=CARTESIAN_POINT('Origin',(13.8737244176942,0.270191742236132,0.0961650348499998));
#1562=CARTESIAN_POINT('',(15.3737244172394,-7.79320154522495,0.0961650348499998));
#1563=CARTESIAN_POINT('',(15.3737244176942,0.270191742151529,0.0961650348499998));
#1564=CARTESIAN_POINT('',(13.8737244172958,-6.79320154519675,-1.40383496515));
#1565=CARTESIAN_POINT('Ctrl Pts',(13.8737244172958,-6.79320154519675,-1.40383496515));
#1566=CARTESIAN_POINT('Ctrl Pts',(13.8759168046253,-6.79466313674979,-1.40383496515));
#1567=CARTESIAN_POINT('Ctrl Pts',(13.878115317415,-6.796128811943,-1.40383358049268));
#1568=CARTESIAN_POINT('Ctrl Pts',(14.2809443041606,-7.06468146979722,-1.40115058898378));
#1569=CARTESIAN_POINT('Ctrl Pts',(14.8356898851967,-7.43451185717321,-1.19426234178806));
#1570=CARTESIAN_POINT('Ctrl Pts',(15.2982593725948,-7.74289151545996,-0.474711029115888));
#1571=CARTESIAN_POINT('Ctrl Pts',(15.3737244172394,-7.79320154522495,-0.093461692263527));
#1572=CARTESIAN_POINT('Ctrl Pts',(15.3737244172394,-7.79320154522495,0.0961650348500009));
#1573=CARTESIAN_POINT('',(13.8737244176942,0.270191742236132,-1.40383496515));
#1574=CARTESIAN_POINT('Origin',(15.3737244176942,0.270191742939941,4.49227188848));
#1575=CARTESIAN_POINT('',(15.3737244172394,-7.79320154522495,2.24613594424));
#1576=CARTESIAN_POINT('Origin',(14.8737244172394,-7.79320154519675,2.24613594424));
#1577=CARTESIAN_POINT('',(14.8737244172394,-8.29320154519675,0.0961650348500001));
#1578=CARTESIAN_POINT('',(14.8737244172394,-8.29320154519675,2.24613594424));
#1579=CARTESIAN_POINT('Origin',(14.8737244172394,-7.79320154519675,0.0961650348500001));
#1580=CARTESIAN_POINT('Ctrl Pts',(13.8737244172958,-6.79320154519675,-1.40383496515));
#1581=CARTESIAN_POINT('Ctrl Pts',(13.8759168046253,-6.79466313674979,-1.40383496515));
#1582=CARTESIAN_POINT('Ctrl Pts',(13.878115317415,-6.796128811943,-1.40383358049268));
#1583=CARTESIAN_POINT('Ctrl Pts',(14.2809443041606,-7.06468146979722,-1.40115058898378));
#1584=CARTESIAN_POINT('Ctrl Pts',(14.8356898851967,-7.43451185717321,-1.19426234178806));
#1585=CARTESIAN_POINT('Ctrl Pts',(15.2982593725948,-7.74289151545996,-0.474711029115888));
#1586=CARTESIAN_POINT('Ctrl Pts',(15.3737244172394,-7.79320154522495,-0.093461692263527));
#1587=CARTESIAN_POINT('Ctrl Pts',(15.3737244172394,-7.79320154522495,0.0961650348500009));
#1588=CARTESIAN_POINT('Ctrl Pts',(13.8737244172958,-6.79320154519675,-1.40383496515));
#1589=CARTESIAN_POINT('Ctrl Pts',(13.8756644006814,-6.7948979923193,-1.40370153626933));
#1590=CARTESIAN_POINT('Ctrl Pts',(13.8776371108437,-6.79662461061838,-1.40396973625085));
#1591=CARTESIAN_POINT('Ctrl Pts',(14.2349778444396,-7.10976678163207,-1.3940274444403));
#1592=CARTESIAN_POINT('Ctrl Pts',(14.7316171054751,-7.54084085806297,-1.26569050814459));
#1593=CARTESIAN_POINT('Ctrl Pts',(15.267610811792,-7.97167436212718,-0.569433081215171));
#1594=CARTESIAN_POINT('Ctrl Pts',(15.374811447675,-8.05582570029333,-0.127037699753472));
#1595=CARTESIAN_POINT('Ctrl Pts',(15.3737244172246,-8.0550009330147,0.0961650348500011));
#1596=CARTESIAN_POINT('Ctrl Pts',(13.8737244172958,-6.79320154519675,-1.40383496515));
#1597=CARTESIAN_POINT('Ctrl Pts',(13.8754208644183,-6.79514152858237,-1.40370153626933));
#1598=CARTESIAN_POINT('Ctrl Pts',(13.8771474827173,-6.79711423874478,-1.40396973625085));
#1599=CARTESIAN_POINT('Ctrl Pts',(14.1902896537043,-7.15445497236744,-1.3940274444403));
#1600=CARTESIAN_POINT('Ctrl Pts',(14.6213637301133,-7.65109423341867,-1.2656905081446));
#1601=CARTESIAN_POINT('Ctrl Pts',(15.0521972341461,-8.18708793976147,-0.569433081215164));
#1602=CARTESIAN_POINT('Ctrl Pts',(15.1363485723077,-8.29428857564714,-0.127037699753471));
#1603=CARTESIAN_POINT('Ctrl Pts',(15.1355238050292,-8.29320154519675,0.0961650348500011));
#1604=CARTESIAN_POINT('Ctrl Pts',(13.8737244172958,-6.79320154519675,-1.40383496515));
#1605=CARTESIAN_POINT('Ctrl Pts',(13.8751860088488,-6.79539393252628,-1.40383496515));
#1606=CARTESIAN_POINT('Ctrl Pts',(13.8766516840419,-6.79759244531599,-1.40383358049268));
#1607=CARTESIAN_POINT('Ctrl Pts',(14.1452043418669,-7.20042143208596,-1.40115058898378));
#1608=CARTESIAN_POINT('Ctrl Pts',(14.5150347292177,-7.7551670131343,-1.19426234178807));
#1609=CARTESIAN_POINT('Ctrl Pts',(14.8234143874772,-8.21773650055139,-0.47471102911588));
#1610=CARTESIAN_POINT('Ctrl Pts',(14.8737244172394,-8.29320154519675,-0.0934616922635271));
#1611=CARTESIAN_POINT('Ctrl Pts',(14.8737244172394,-8.29320154519675,0.0961650348500009));
#1612=CARTESIAN_POINT('Ctrl Pts',(14.8737244172394,-8.29320154519675,0.0961650348500009));
#1613=CARTESIAN_POINT('Ctrl Pts',(14.8737244172394,-8.29320154519675,-0.0934616922635271));
#1614=CARTESIAN_POINT('Ctrl Pts',(14.8234143874772,-8.21773650055139,-0.47471102911588));
#1615=CARTESIAN_POINT('Ctrl Pts',(14.5150347292177,-7.7551670131343,-1.19426234178807));
#1616=CARTESIAN_POINT('Ctrl Pts',(14.1452043418669,-7.20042143208596,-1.40115058898378));
#1617=CARTESIAN_POINT('Ctrl Pts',(13.8766516840419,-6.79759244531599,-1.40383358049268));
#1618=CARTESIAN_POINT('Ctrl Pts',(13.8751860088488,-6.79539393252628,-1.40383496515));
#1619=CARTESIAN_POINT('Ctrl Pts',(13.8737244172958,-6.79320154519675,-1.40383496515));
#1620=CARTESIAN_POINT('Origin',(7.79301560588419,-6.79320154519675,0.0961650348500001));
#1621=CARTESIAN_POINT('',(7.79301560588419,-6.79320154519675,-1.40383496515));
#1622=CARTESIAN_POINT('',(0.22634514516908,-8.29320154519957,0.0961650348500001));
#1623=CARTESIAN_POINT('',(7.79301560588419,-8.29320154519675,0.0961650348500001));
#1624=CARTESIAN_POINT('',(0.19826844586608,-8.29320154519394,0.0961650348500001));
#1625=CARTESIAN_POINT('',(7.79301560588419,-8.2932015467192,0.0961650348500001));
#1626=CARTESIAN_POINT('',(7.79301560588419,-8.29320154519675,0.0961650348500001));
#1627=CARTESIAN_POINT('Origin',(15.3737244176942,-8.29320154519675,0.));
#1628=CARTESIAN_POINT('',(0.22634514516908,-8.29320154519957,0.));
#1629=CARTESIAN_POINT('Origin',(15.3737244176942,-8.29320154519675,0.));
#1630=CARTESIAN_POINT('',(0.19826844586608,-8.29320154519394,0.));
#1631=CARTESIAN_POINT('Origin',(0.212306794074182,0.270191742218245,-1.40383496515));
#1632=CARTESIAN_POINT('Origin',(0.212306794074202,0.270191742218174,-0.000456223039998482));
#1633=CARTESIAN_POINT('',(15.0929574246642,-8.01243455216682,-0.000456223039996262));
#1634=CARTESIAN_POINT('',(-14.6683438365158,-8.01243455216682,-0.000456223039996262));
#1635=CARTESIAN_POINT('',(15.0929574246642,-8.01243455216682,-0.000456223039996262));
#1636=CARTESIAN_POINT('',(15.0929574246642,8.55281803660317,-0.000456223040000703));
#1637=CARTESIAN_POINT('',(15.0929574246642,8.55281803660317,-0.000456223040000703));
#1638=CARTESIAN_POINT('',(-14.6683438365158,8.55281803660317,-0.000456223040001813));
#1639=CARTESIAN_POINT('',(-14.6683438365158,8.55281803660317,-0.000456223040001813));
#1640=CARTESIAN_POINT('',(-14.6683438365158,-8.01243455216682,-0.000456223039996262));
#1641=CARTESIAN_POINT('Origin',(-14.6683438365158,8.83358502963325,0.));
#1642=CARTESIAN_POINT('',(-14.6683438365158,-8.01243455216682,8.98454377696));
#1643=CARTESIAN_POINT('',(-14.6683438365158,8.55281803660325,0.));
#1644=CARTESIAN_POINT('Origin',(15.3737244176942,8.55281803660325,0.));
#1645=CARTESIAN_POINT('',(15.0929574246642,8.55281803660325,0.));
#1646=CARTESIAN_POINT('Origin',(-14.9491108295458,-8.01243455216676,0.));
#1647=CARTESIAN_POINT('',(15.0929574246642,-8.01243455216675,0.));
#1648=CARTESIAN_POINT('Origin',(15.0929574246642,-8.29320154519675,0.));
#1649=CARTESIAN_POINT('Origin',(0.21230679551758,-8.29320154519676,4.49227188848));
#1650=CARTESIAN_POINT('Origin',(-0.0539633806357287,-0.426252066860258,
2.99954377696));
#1651=CARTESIAN_POINT('',(-0.190190167264586,3.5231973306377,2.99954377696));
#1652=CARTESIAN_POINT('',(-3.09404620411657,0.724295828627173,2.99954377696));
#1653=CARTESIAN_POINT('Origin',(-0.0235465564993448,0.44448098449435,2.99954377696));
#1654=CARTESIAN_POINT('',(-0.190190167264586,3.7243683012443,2.99954377696));
#1655=CARTESIAN_POINT('',(-0.190190167264586,0.149021880883458,2.99954377696));
#1656=CARTESIAN_POINT('',(-3.29572237032447,0.724295828627173,2.99954377696));
#1657=CARTESIAN_POINT('Origin',(-0.0235465564993448,0.44448098449435,2.99954377696));
#1658=CARTESIAN_POINT('',(-1.97898706929918,0.724295828627173,2.99954377696));
#1659=CARTESIAN_POINT('Origin',(-0.0539633806357287,-0.426252066860258,
2.99954377696));
#1660=CARTESIAN_POINT('',(0.193998169704166,-2.63105778539891,2.99954377696));
#1661=CARTESIAN_POINT('',(3.0470268250129,0.165476429399829,2.99954377696));
#1662=CARTESIAN_POINT('Origin',(-0.0235465564993448,0.44448098449435,2.99954377696));
#1663=CARTESIAN_POINT('',(0.193998169704166,-2.83242383494721,2.99954377696));
#1664=CARTESIAN_POINT('',(0.193998169704166,-0.130387818730214,2.99954377696));
#1665=CARTESIAN_POINT('',(3.24869844683039,0.165476429399829,2.99954377696));
#1666=CARTESIAN_POINT('Origin',(-0.0235465564993448,0.44448098449435,2.99954377696));
#1667=CARTESIAN_POINT('',(2.16559014163656,0.165476429399829,2.99954377696));
#1668=CARTESIAN_POINT('Origin',(-0.0539633806357287,-0.426252066860258,
2.99954377696));
#1669=CARTESIAN_POINT('',(3.04695309111815,0.724295828627173,2.99954377696));
#1670=CARTESIAN_POINT('',(0.193998169704166,3.52001975438758,2.99954377696));
#1671=CARTESIAN_POINT('Origin',(-0.0235465564993448,0.44448098449435,2.99954377696));
#1672=CARTESIAN_POINT('',(3.24862925732573,0.724295828627173,2.99954377696));
#1673=CARTESIAN_POINT('',(0.0700173945342186,0.724295828627173,2.99954377696));
#1674=CARTESIAN_POINT('',(0.193998169704166,3.721385803936,2.99954377696));
#1675=CARTESIAN_POINT('Origin',(-0.0235465564993448,0.44448098449435,2.99954377696));
#1676=CARTESIAN_POINT('',(0.193998169704166,1.88369043265151,2.99954377696));
#1677=CARTESIAN_POINT('Origin',(-0.0539633806357287,-0.426252066860258,
2.99954377696));
#1678=CARTESIAN_POINT('',(-3.09411993801189,0.165476429399829,2.99954377696));
#1679=CARTESIAN_POINT('',(-0.190190167264586,-2.63423536164911,2.99954377696));
#1680=CARTESIAN_POINT('Origin',(-0.0235465564993448,0.44448098449435,2.99954377696));
#1681=CARTESIAN_POINT('',(-3.29579155982849,0.165476429399829,2.99954377696));
#1682=CARTESIAN_POINT('',(-0.122076773950157,0.165476429399829,2.99954377696));
#1683=CARTESIAN_POINT('',(-0.190190167264586,-2.83540633225549,2.99954377696));
#1684=CARTESIAN_POINT('Origin',(-0.0235465564993448,0.44448098449435,2.99954377696));
#1685=CARTESIAN_POINT('',(-0.190190167264586,-1.9523719016275,2.99954377696));
#1686=CARTESIAN_POINT('Origin',(-0.190190167264586,0.165476429399829,4.75109101151341));
#1687=CARTESIAN_POINT('',(-2.82774720642322,0.165476429399828,0.199543776960002));
#1688=CARTESIAN_POINT('Ctrl Pts',(-2.82774720642322,0.165476429399828,0.199543776959897));
#1689=CARTESIAN_POINT('Ctrl Pts',(-2.95494877104655,0.165476429399828,1.53606529465543));
#1690=CARTESIAN_POINT('Ctrl Pts',(-3.09411993801189,0.165476429399829,2.99954377696));
#1691=CARTESIAN_POINT('',(-2.82774720642322,0.165476429399828,0.00109101151340996));
#1692=CARTESIAN_POINT('',(-2.82774720642322,0.165476429399828,0.199543776960002));
#1693=CARTESIAN_POINT('',(-3.01069162730159,0.165476429399828,0.00109101151340996));
#1694=CARTESIAN_POINT('',(-3.90401075796262,0.165476429399828,0.00109101151340996));
#1695=CARTESIAN_POINT('Ctrl Pts',(-3.29579155982849,0.165476429399829,2.99954377696));
#1696=CARTESIAN_POINT('Ctrl Pts',(-3.14680008605474,0.165476429399828,1.43203126539982));
#1697=CARTESIAN_POINT('Ctrl Pts',(-3.01069162730158,0.165476429399828,0.00109101151331947));
#1698=CARTESIAN_POINT('Origin',(0.193998169704166,0.724295828627173,4.75109101151341));
#1699=CARTESIAN_POINT('',(2.78057335530915,0.724295828627172,0.199543776960002));
#1700=CARTESIAN_POINT('Ctrl Pts',(2.78057335530914,0.724295828627172,0.199543776959967));
#1701=CARTESIAN_POINT('Ctrl Pts',(2.90777826423057,0.724295828627172,1.53606195164318));
#1702=CARTESIAN_POINT('Ctrl Pts',(3.04695309111815,0.724295828627173,2.99954377696));
#1703=CARTESIAN_POINT('',(2.78057335530915,0.724295828627172,0.00109101151340989));
#1704=CARTESIAN_POINT('',(2.78057335530915,0.724295828627172,0.199543776960002));
#1705=CARTESIAN_POINT('',(2.96352272103433,0.724295828627172,0.00109101151340996));
#1706=CARTESIAN_POINT('',(4.38514366390885,0.724295828627172,0.00109101151340996));
#1707=CARTESIAN_POINT('Ctrl Pts',(3.24862925732573,0.724295828627173,2.99954377696));
#1708=CARTESIAN_POINT('Ctrl Pts',(3.09963433498634,0.724295828627173,1.43202812847366));
#1709=CARTESIAN_POINT('Ctrl Pts',(2.96352272103433,0.724295828627172,0.00109101151339552));
#1710=CARTESIAN_POINT('Origin',(0.193998169704166,0.165476429399829,4.75109101151341));
#1711=CARTESIAN_POINT('',(0.193998169704166,-2.36515584593386,0.199543776960003));
#1712=CARTESIAN_POINT('Ctrl Pts',(0.193998169704166,-2.36515584593385,0.199543776959979));
#1713=CARTESIAN_POINT('Ctrl Pts',(0.193998169704166,-2.49213259130355,1.53628947365488));
#1714=CARTESIAN_POINT('Ctrl Pts',(0.193998169704166,-2.63105778539891,2.99954377696));
#1715=CARTESIAN_POINT('',(0.193998169704166,-2.36515584593386,0.00109101151341079));
#1716=CARTESIAN_POINT('',(0.193998169704166,-2.36515584593386,0.199543776960003));
#1717=CARTESIAN_POINT('',(0.193998169704166,-2.5477679202399,0.00109101151341107));
#1718=CARTESIAN_POINT('',(0.193998169704166,4.19363293216328,0.00109101151340885));
#1719=CARTESIAN_POINT('Ctrl Pts',(0.193998169704166,-2.83242383494721,2.99954377696));
#1720=CARTESIAN_POINT('Ctrl Pts',(0.193998169704166,-2.68366440370898,1.43224381518054));
#1721=CARTESIAN_POINT('Ctrl Pts',(0.193998169704166,-2.5477679202399,0.00109101151340663));
#1722=CARTESIAN_POINT('Origin',(-0.0235465564994009,0.444480984494362,4.75109101151341));
#1723=CARTESIAN_POINT('',(-0.0235465565003979,3.44448098449432,-0.000456223040127268));
#1724=CARTESIAN_POINT('Origin',(-0.0235465564992567,0.44448098449433,-0.000456223039998552));
#1725=CARTESIAN_POINT('',(-0.023546556500398,3.44462751687939,0.00109101151340013));
#1726=CARTESIAN_POINT('',(-0.0235465565007223,3.89448098449436,4.75109101151338));
#1727=CARTESIAN_POINT('',(0.193998169704166,3.43672988922856,0.0010910115134094));
#1728=CARTESIAN_POINT('Origin',(-0.0235465564992489,0.444480984494328,0.00109101151340107));
#1729=CARTESIAN_POINT('Ctrl Pts',(0.193998169704166,3.43672988922856,0.00109101151339053));
#1730=CARTESIAN_POINT('Ctrl Pts',(0.193998169704166,3.57262637351242,1.43224382376541));
#1731=CARTESIAN_POINT('Ctrl Pts',(0.193998169704166,3.721385803936,2.99954377696));
#1732=CARTESIAN_POINT('',(2.96359851430307,0.165476429399828,0.00109101151340996));
#1733=CARTESIAN_POINT('Origin',(-0.0235465564992489,0.444480984494328,0.00109101151340107));
#1734=CARTESIAN_POINT('Ctrl Pts',(2.96359851430307,0.165476429399828,0.00109101151339552));
#1735=CARTESIAN_POINT('Ctrl Pts',(3.09970697650469,0.165476429399828,1.43203130168653));
#1736=CARTESIAN_POINT('Ctrl Pts',(3.24869844683039,0.165476429399829,2.99954377696));
#1737=CARTESIAN_POINT('',(-0.190190167264586,-2.55103384984938,0.00109101151341107));
#1738=CARTESIAN_POINT('Origin',(-0.0235465564992489,0.444480984494328,0.00109101151340107));
#1739=CARTESIAN_POINT('Ctrl Pts',(-0.190190167264586,-2.55103384984938,
0.00109101151340774));
#1740=CARTESIAN_POINT('Ctrl Pts',(-0.190190167264586,-2.68679503706075,
1.43237947901638));
#1741=CARTESIAN_POINT('Ctrl Pts',(-0.190190167264586,-2.83540633225549,
2.99954377696));
#1742=CARTESIAN_POINT('',(-3.01061583403285,0.724295828627172,0.00109101151340996));
#1743=CARTESIAN_POINT('Origin',(-0.0235465564992489,0.444480984494328,0.00109101151340107));
#1744=CARTESIAN_POINT('Ctrl Pts',(-3.01061583403284,0.724295828627172,0.00109101151331892));
#1745=CARTESIAN_POINT('Ctrl Pts',(-3.14672744816844,0.724295828627172,1.4320281304043));
#1746=CARTESIAN_POINT('Ctrl Pts',(-3.29572237032447,0.724295828627173,2.99954377696));
#1747=CARTESIAN_POINT('',(-0.190190167264586,3.43999581883804,0.00109101151340885));
#1748=CARTESIAN_POINT('Ctrl Pts',(-0.190190167264586,3.7243683012443,2.99954377696));
#1749=CARTESIAN_POINT('Ctrl Pts',(-0.190190167264586,3.57575700781967,1.43237949768515));
#1750=CARTESIAN_POINT('Ctrl Pts',(-0.190190167264586,3.43999581883804,0.00109101151338886));
#1751=CARTESIAN_POINT('Origin',(-0.0235465564992489,0.444480984494328,0.00109101151340107));
#1752=CARTESIAN_POINT('Origin',(-0.190190167264586,0.724295828627173,4.75109101151341));
#1753=CARTESIAN_POINT('',(-0.190190167264586,3.25759575886607,0.199543776960001));
#1754=CARTESIAN_POINT('Ctrl Pts',(-0.190190167264586,3.25759575886607,0.199543776959963));
#1755=CARTESIAN_POINT('Ctrl Pts',(-0.190190167264586,3.38442907758482,1.53643239009997));
#1756=CARTESIAN_POINT('Ctrl Pts',(-0.190190167264586,3.5231973306377,2.99954377696));
#1757=CARTESIAN_POINT('',(-0.190190167264586,3.25759575886607,0.00109101151340905));
#1758=CARTESIAN_POINT('',(-0.190190167264586,3.25759575886607,0.199543776960002));
#1759=CARTESIAN_POINT('',(-0.190190167264586,-3.47849173639475,0.00109101151341107));
#1760=CARTESIAN_POINT('Origin',(-0.0235465564994015,0.444480984494362,4.76994783338558));
#1761=CARTESIAN_POINT('',(-0.190190167264586,-2.36863378987741,0.199543776960003));
#1762=CARTESIAN_POINT('Ctrl Pts',(-0.190190167264586,-2.63423536164911,
2.99954377696));
#1763=CARTESIAN_POINT('Ctrl Pts',(-0.190190167264586,-2.49546711021699,
1.53643240719079));
#1764=CARTESIAN_POINT('Ctrl Pts',(-0.190190167264586,-2.36863378987741,
0.199543776959978));
#1765=CARTESIAN_POINT('Origin',(-0.0235465564992552,0.44448098449433,0.199543776960002));
#1766=CARTESIAN_POINT('Origin',(-0.190190167264586,-3.47849173639475,4.75109101151341));
#1767=CARTESIAN_POINT('',(-0.190190167264586,-2.36863378987741,0.00109101151341079));
#1768=CARTESIAN_POINT('',(-0.190190167264586,-3.47849173639475,0.00109101151341107));
#1769=CARTESIAN_POINT('',(-0.190190167264586,-2.36863378987741,0.199543776960003));
#1770=CARTESIAN_POINT('Origin',(-0.0235465564994015,0.444480984494362,4.76994783338558));
#1771=CARTESIAN_POINT('',(0.193998169704166,3.25411781492252,0.199543776960001));
#1772=CARTESIAN_POINT('Ctrl Pts',(0.193998169704166,3.52001975438758,2.99954377696));
#1773=CARTESIAN_POINT('Ctrl Pts',(0.193998169704166,3.38109455997008,1.5362894702613));
#1774=CARTESIAN_POINT('Ctrl Pts',(0.193998169704166,3.25411781492251,0.199543776959964));
#1775=CARTESIAN_POINT('Origin',(-0.0235465564992552,0.44448098449433,0.199543776960002));
#1776=CARTESIAN_POINT('Origin',(0.193998169704166,4.19363293216328,4.75109101151341));
#1777=CARTESIAN_POINT('',(0.193998169704166,3.25411781492252,0.00109101151340912));
#1778=CARTESIAN_POINT('',(0.193998169704166,4.19363293216328,0.00109101151340885));
#1779=CARTESIAN_POINT('',(0.193998169704166,3.25411781492252,0.199543776960002));
#1780=CARTESIAN_POINT('Origin',(-0.0235465564994015,0.444480984494362,4.76994783338558));
#1781=CARTESIAN_POINT('',(2.78065409342471,0.165476429399828,0.199543776960002));
#1782=CARTESIAN_POINT('Ctrl Pts',(3.0470268250129,0.165476429399829,2.99954377696));
#1783=CARTESIAN_POINT('Ctrl Pts',(2.90785565664323,0.165476429399828,1.5360652798809));
#1784=CARTESIAN_POINT('Ctrl Pts',(2.7806540934247,0.165476429399828,0.199543776959967));
#1785=CARTESIAN_POINT('Origin',(-0.0235465564992552,0.44448098449433,0.199543776960002));
#1786=CARTESIAN_POINT('Origin',(4.38514366390885,0.165476429399829,4.75109101151341));
#1787=CARTESIAN_POINT('',(2.78065409342471,0.165476429399828,0.00109101151341006));
#1788=CARTESIAN_POINT('',(-3.90401075796262,0.165476429399828,0.00109101151340996));
#1789=CARTESIAN_POINT('',(2.78065409342471,0.165476429399828,0.199543776960002));
#1790=CARTESIAN_POINT('Origin',(-0.0235465564994015,0.444480984494362,4.76994783338558));
#1791=CARTESIAN_POINT('',(-2.82766646830766,0.724295828627172,0.199543776960002));
#1792=CARTESIAN_POINT('Ctrl Pts',(-3.09404620411657,0.724295828627173,2.99954377696));
#1793=CARTESIAN_POINT('Ctrl Pts',(-2.95487137579556,0.724295828627172,1.53606193656492));
#1794=CARTESIAN_POINT('Ctrl Pts',(-2.82766646830766,0.724295828627172,0.199543776959897));
#1795=CARTESIAN_POINT('Origin',(-0.0235465564992552,0.44448098449433,0.199543776960002));
#1796=CARTESIAN_POINT('Origin',(-3.90401075796262,0.724295828627173,4.75109101151341));
#1797=CARTESIAN_POINT('',(-2.82766646830766,0.724295828627172,0.00109101151340978));
#1798=CARTESIAN_POINT('',(4.38514366390885,0.724295828627172,0.00109101151340996));
#1799=CARTESIAN_POINT('',(-2.82766646830766,0.724295828627172,0.199543776960002));
#1800=CARTESIAN_POINT('Origin',(2.78057335530915,0.724295828627172,0.199543776960001));
#1801=CARTESIAN_POINT('',(0.193998169704166,0.724295828627172,0.00109101151340996));
#1802=CARTESIAN_POINT('',(4.38514366390885,0.724295828627172,0.00109101151340996));
#1803=CARTESIAN_POINT('',(2.78057335530915,0.724295828627172,-0.000456223039998309));
#1804=CARTESIAN_POINT('',(2.78057335530915,0.724295828627172,0.199543776960002));
#1805=CARTESIAN_POINT('',(0.193998169704166,0.724295828627172,-0.000456223039998344));
#1806=CARTESIAN_POINT('',(1.37851339940495,0.724295828627172,-0.000456223039998604));
#1807=CARTESIAN_POINT('',(0.193998169704166,0.724295828627172,0.199543776960002));
#1808=CARTESIAN_POINT('Origin',(0.193998169704166,0.724295828627172,0.199543776960001));
#1809=CARTESIAN_POINT('',(0.193998169704166,4.19363293216328,0.00109101151340885));
#1810=CARTESIAN_POINT('',(0.193998169704166,3.25411781492252,-0.000456223039999176));
#1811=CARTESIAN_POINT('',(0.193998169704166,0.584388406560751,-0.000456223039998586));
#1812=CARTESIAN_POINT('',(0.193998169704166,3.25411781492252,0.199543776960001));
#1813=CARTESIAN_POINT('Origin',(-0.0235465564992552,0.44448098449433,0.199543776960002));
#1814=CARTESIAN_POINT('Origin',(-0.0235465564992552,0.44448098449433,-0.000456223039998552));
#1815=CARTESIAN_POINT('Origin',(-0.190190167264586,3.25759575886607,0.199543776960001));
#1816=CARTESIAN_POINT('',(-0.190190167264585,0.724295828627172,0.00109101151340996));
#1817=CARTESIAN_POINT('',(-0.190190167264586,-3.47849173639475,0.00109101151341107));
#1818=CARTESIAN_POINT('',(-0.190190167264586,3.25759575886607,-0.000456223039999176));
#1819=CARTESIAN_POINT('',(-0.190190167264586,3.25759575886607,0.199543776960001));
#1820=CARTESIAN_POINT('',(-0.190190167264585,0.724295828627172,-0.000456223039998344));
#1821=CARTESIAN_POINT('',(-0.190190167264586,1.8510383716802,-0.000456223039998985));
#1822=CARTESIAN_POINT('',(-0.190190167264585,0.724295828627172,0.199543776960002));
#1823=CARTESIAN_POINT('Origin',(-0.190190167264586,0.724295828627172,0.199543776960001));
#1824=CARTESIAN_POINT('',(4.38514366390885,0.724295828627172,0.00109101151340996));
#1825=CARTESIAN_POINT('',(-2.82766646830766,0.724295828627172,-0.000456223039998413));
#1826=CARTESIAN_POINT('',(-0.106868361881921,0.724295828627172,-0.000456223039998638));
#1827=CARTESIAN_POINT('',(-2.82766646830766,0.724295828627172,0.199543776960002));
#1828=CARTESIAN_POINT('Origin',(-0.0235465564992552,0.44448098449433,0.199543776960002));
#1829=CARTESIAN_POINT('Origin',(-0.0235465564992552,0.44448098449433,-0.000456223039998552));
#1830=CARTESIAN_POINT('Origin',(-2.82774720642322,0.165476429399828,0.199543776960001));
#1831=CARTESIAN_POINT('',(-0.190190167264585,0.165476429399828,0.00109101151340996));
#1832=CARTESIAN_POINT('',(-3.90401075796262,0.165476429399828,0.00109101151340996));
#1833=CARTESIAN_POINT('',(-2.82774720642322,0.165476429399828,-0.000456223039998378));
#1834=CARTESIAN_POINT('',(-2.82774720642322,0.165476429399828,0.199543776960002));
#1835=CARTESIAN_POINT('',(-0.190190167264585,0.165476429399828,-0.000456223039998344));
#1836=CARTESIAN_POINT('',(-1.42564688146124,0.165476429399828,-0.0004562230399985));
#1837=CARTESIAN_POINT('',(-0.190190167264585,0.165476429399828,0.199543776960002));
#1838=CARTESIAN_POINT('Origin',(-0.190190167264586,0.165476429399828,0.199543776960001));
#1839=CARTESIAN_POINT('',(-0.190190167264586,-3.47849173639475,0.00109101151341107));
#1840=CARTESIAN_POINT('',(-0.190190167264586,-2.36863378987741,-0.000456223039997511));
#1841=CARTESIAN_POINT('',(-0.190190167264586,0.304978706947079,-0.000456223039998517));
#1842=CARTESIAN_POINT('',(-0.190190167264586,-2.36863378987741,0.199543776960003));
#1843=CARTESIAN_POINT('Origin',(-0.0235465564992552,0.44448098449433,0.199543776960002));
#1844=CARTESIAN_POINT('Origin',(-0.0235465564992552,0.44448098449433,-0.000456223039998552));
#1845=CARTESIAN_POINT('Origin',(0.193998169704166,-2.36515584593386,0.199543776960002));
#1846=CARTESIAN_POINT('',(0.193998169704166,0.165476429399828,0.00109101151340996));
#1847=CARTESIAN_POINT('',(0.193998169704166,4.19363293216328,0.00109101151340885));
#1848=CARTESIAN_POINT('',(0.193998169704166,-2.36515584593386,-0.000456223039997511));
#1849=CARTESIAN_POINT('',(0.193998169704166,-2.36515584593386,0.199543776960003));
#1850=CARTESIAN_POINT('',(0.193998169704166,0.165476429399828,-0.000456223039998344));
#1851=CARTESIAN_POINT('',(0.193998169704166,-0.960337430719764,-0.000456223039998118));
#1852=CARTESIAN_POINT('',(0.193998169704166,0.165476429399828,0.199543776960002));
#1853=CARTESIAN_POINT('Origin',(0.193998169704166,0.165476429399828,0.199543776960001));
#1854=CARTESIAN_POINT('',(-3.90401075796262,0.165476429399828,0.00109101151340996));
#1855=CARTESIAN_POINT('',(2.78065409342471,0.165476429399828,-0.000456223039998274));
#1856=CARTESIAN_POINT('',(0.0852258066024546,0.165476429399828,-0.000456223039998465));
#1857=CARTESIAN_POINT('',(2.78065409342471,0.165476429399828,0.199543776960002));
#1858=CARTESIAN_POINT('Origin',(-0.0235465564992552,0.44448098449433,0.199543776960002));
#1859=CARTESIAN_POINT('Origin',(-0.0235465564992552,0.44448098449433,-0.000456223039998552));
#1860=CARTESIAN_POINT('Origin',(0.240566452973115,0.357570597884264,0.00109101151340996));
#1861=CARTESIAN_POINT('Origin',(-0.0235465564992567,0.44448098449433,-0.000456223039998552));
#1862=UNCERTAINTY_MEASURE_WITH_UNIT(LENGTH_MEASURE(0.01),#1866,
'DISTANCE_ACCURACY_VALUE',
'Maximum model space distance between geometric entities at asserted c
onnectivities');
#1863=UNCERTAINTY_MEASURE_WITH_UNIT(LENGTH_MEASURE(0.01),#1866,
'DISTANCE_ACCURACY_VALUE',
'Maximum model space distance between geometric entities at asserted c
onnectivities');
#1864=(
GEOMETRIC_REPRESENTATION_CONTEXT(3)
GLOBAL_UNCERTAINTY_ASSIGNED_CONTEXT((#1862))
GLOBAL_UNIT_ASSIGNED_CONTEXT((#1866,#1868,#1869))
REPRESENTATION_CONTEXT('','3D')
);
#1865=(
GEOMETRIC_REPRESENTATION_CONTEXT(3)
GLOBAL_UNCERTAINTY_ASSIGNED_CONTEXT((#1863))
GLOBAL_UNIT_ASSIGNED_CONTEXT((#1866,#1868,#1869))
REPRESENTATION_CONTEXT('','3D')
);
#1866=(
LENGTH_UNIT()
NAMED_UNIT(*)
SI_UNIT(.MILLI.,.METRE.)
);
#1867=(
LENGTH_UNIT()
NAMED_UNIT(*)
SI_UNIT($,.METRE.)
);
#1868=(
NAMED_UNIT(*)
PLANE_ANGLE_UNIT()
SI_UNIT($,.RADIAN.)
);
#1869=(
NAMED_UNIT(*)
SI_UNIT($,.STERADIAN.)
SOLID_ANGLE_UNIT()
);
#1870=SHAPE_DEFINITION_REPRESENTATION(#1871,#1872);
#1871=PRODUCT_DEFINITION_SHAPE('',$,#1874);
#1872=SHAPE_REPRESENTATION('',(#1026),#1864);
#1873=PRODUCT_DEFINITION_CONTEXT('part definition',#1878,'design');
#1874=PRODUCT_DEFINITION('2026-05-27-11-10-15-448','button',#1875,#1873);
#1875=PRODUCT_DEFINITION_FORMATION('',$,#1880);
#1876=PRODUCT_RELATED_PRODUCT_CATEGORY('button','button',(#1880));
#1877=APPLICATION_PROTOCOL_DEFINITION('international standard',
'automotive_design',2009,#1878);
#1878=APPLICATION_CONTEXT(
'Core Data for Automotive Mechanical Design Process');
#1879=PRODUCT_CONTEXT('part definition',#1878,'mechanical');
#1880=PRODUCT('2026-05-27-11-10-15-448','button',$,(#1879));
#1881=PRESENTATION_STYLE_ASSIGNMENT((#1882));
#1882=SURFACE_STYLE_USAGE(.BOTH.,#1883);
#1883=SURFACE_SIDE_STYLE('',(#1884));
#1884=SURFACE_STYLE_FILL_AREA(#1885);
#1885=FILL_AREA_STYLE('Steel - Satin',(#1886));
#1886=FILL_AREA_STYLE_COLOUR('Steel - Satin',#1887);
#1887=COLOUR_RGB('Steel - Satin',0.627450980392157,0.627450980392157,0.627450980392157);
ENDSEC;
END-ISO-10303-21;
