ISO-10303-21;
HEADER;
/* Generated by software containing ST-Developer
 * from STEP Tools, Inc. (www.steptools.com) 
 */

FILE_DESCRIPTION(
/* description */ (''),
/* implementation_level */ '2;1');

FILE_NAME(
/* name */ 'lid.step',
/* time_stamp */ '2026-06-14T17:26:48+01:00',
/* author */ (''),
/* organization */ (''),
/* preprocessor_version */ 'ST-DEVELOPER v20.1',
/* originating_system */ 'Autodesk Translation Framework v15.8.0.0',
/* authorisation */ '');

FILE_SCHEMA (('AUTOMOTIVE_DESIGN { 1 0 10303 214 3 1 1 }'));
ENDSEC;

DATA;
#10=MECHANICAL_DESIGN_GEOMETRIC_PRESENTATION_REPRESENTATION('',(#13),#3089);
#11=SHAPE_REPRESENTATION_RELATIONSHIP('SRR','None',#3096,#12);
#12=ADVANCED_BREP_SHAPE_REPRESENTATION('',(#14),#3088);
#13=STYLED_ITEM('',(#3105),#14);
#14=MANIFOLD_SOLID_BREP('Body1',#1938);
#15=FACE_BOUND('',#218,.T.);
#16=FACE_BOUND('',#219,.T.);
#17=FACE_BOUND('',#220,.T.);
#18=FACE_BOUND('',#221,.T.);
#19=FACE_BOUND('',#257,.T.);
#20=FACE_BOUND('',#258,.T.);
#21=FACE_BOUND('',#259,.T.);
#22=FACE_BOUND('',#260,.T.);
#23=FACE_BOUND('',#261,.T.);
#24=FACE_BOUND('',#262,.T.);
#25=FACE_BOUND('',#263,.T.);
#26=FACE_BOUND('',#264,.T.);
#27=FACE_BOUND('',#265,.T.);
#28=FACE_BOUND('',#266,.T.);
#29=FACE_BOUND('',#267,.T.);
#30=FACE_BOUND('',#268,.T.);
#31=FACE_BOUND('',#269,.T.);
#32=FACE_BOUND('',#270,.T.);
#33=CIRCLE('',#2014,0.315);
#34=CIRCLE('',#2015,0.315);
#35=CIRCLE('',#2018,0.315);
#36=CIRCLE('',#2019,0.315);
#37=CIRCLE('',#2022,0.645764083969);
#38=CIRCLE('',#2023,0.645764083968991);
#39=CIRCLE('',#2024,0.645764083968991);
#40=CIRCLE('',#2025,0.645764083968999);
#41=CIRCLE('',#2053,0.645764083968999);
#42=CIRCLE('',#2055,0.645764083968991);
#43=CIRCLE('',#2057,0.645764083968991);
#44=CIRCLE('',#2059,0.645764083969);
#45=CYLINDRICAL_SURFACE('',#2013,0.315);
#46=CYLINDRICAL_SURFACE('',#2017,0.315);
#47=CYLINDRICAL_SURFACE('',#2052,0.645764083968999);
#48=CYLINDRICAL_SURFACE('',#2054,0.645764083968991);
#49=CYLINDRICAL_SURFACE('',#2056,0.645764083968991);
#50=CYLINDRICAL_SURFACE('',#2058,0.645764083969);
#51=FACE_OUTER_BOUND('',#152,.T.);
#52=FACE_OUTER_BOUND('',#153,.T.);
#53=FACE_OUTER_BOUND('',#154,.T.);
#54=FACE_OUTER_BOUND('',#155,.T.);
#55=FACE_OUTER_BOUND('',#156,.T.);
#56=FACE_OUTER_BOUND('',#157,.T.);
#57=FACE_OUTER_BOUND('',#158,.T.);
#58=FACE_OUTER_BOUND('',#159,.T.);
#59=FACE_OUTER_BOUND('',#160,.T.);
#60=FACE_OUTER_BOUND('',#161,.T.);
#61=FACE_OUTER_BOUND('',#162,.T.);
#62=FACE_OUTER_BOUND('',#163,.T.);
#63=FACE_OUTER_BOUND('',#164,.T.);
#64=FACE_OUTER_BOUND('',#165,.T.);
#65=FACE_OUTER_BOUND('',#166,.T.);
#66=FACE_OUTER_BOUND('',#167,.T.);
#67=FACE_OUTER_BOUND('',#168,.T.);
#68=FACE_OUTER_BOUND('',#169,.T.);
#69=FACE_OUTER_BOUND('',#170,.T.);
#70=FACE_OUTER_BOUND('',#171,.T.);
#71=FACE_OUTER_BOUND('',#172,.T.);
#72=FACE_OUTER_BOUND('',#173,.T.);
#73=FACE_OUTER_BOUND('',#174,.T.);
#74=FACE_OUTER_BOUND('',#175,.T.);
#75=FACE_OUTER_BOUND('',#176,.T.);
#76=FACE_OUTER_BOUND('',#177,.T.);
#77=FACE_OUTER_BOUND('',#178,.T.);
#78=FACE_OUTER_BOUND('',#179,.T.);
#79=FACE_OUTER_BOUND('',#180,.T.);
#80=FACE_OUTER_BOUND('',#181,.T.);
#81=FACE_OUTER_BOUND('',#182,.T.);
#82=FACE_OUTER_BOUND('',#183,.T.);
#83=FACE_OUTER_BOUND('',#184,.T.);
#84=FACE_OUTER_BOUND('',#185,.T.);
#85=FACE_OUTER_BOUND('',#186,.T.);
#86=FACE_OUTER_BOUND('',#187,.T.);
#87=FACE_OUTER_BOUND('',#188,.T.);
#88=FACE_OUTER_BOUND('',#189,.T.);
#89=FACE_OUTER_BOUND('',#190,.T.);
#90=FACE_OUTER_BOUND('',#191,.T.);
#91=FACE_OUTER_BOUND('',#192,.T.);
#92=FACE_OUTER_BOUND('',#193,.T.);
#93=FACE_OUTER_BOUND('',#194,.T.);
#94=FACE_OUTER_BOUND('',#195,.T.);
#95=FACE_OUTER_BOUND('',#196,.T.);
#96=FACE_OUTER_BOUND('',#197,.T.);
#97=FACE_OUTER_BOUND('',#198,.T.);
#98=FACE_OUTER_BOUND('',#199,.T.);
#99=FACE_OUTER_BOUND('',#200,.T.);
#100=FACE_OUTER_BOUND('',#201,.T.);
#101=FACE_OUTER_BOUND('',#202,.T.);
#102=FACE_OUTER_BOUND('',#203,.T.);
#103=FACE_OUTER_BOUND('',#204,.T.);
#104=FACE_OUTER_BOUND('',#205,.T.);
#105=FACE_OUTER_BOUND('',#206,.T.);
#106=FACE_OUTER_BOUND('',#207,.T.);
#107=FACE_OUTER_BOUND('',#208,.T.);
#108=FACE_OUTER_BOUND('',#209,.T.);
#109=FACE_OUTER_BOUND('',#210,.T.);
#110=FACE_OUTER_BOUND('',#211,.T.);
#111=FACE_OUTER_BOUND('',#212,.T.);
#112=FACE_OUTER_BOUND('',#213,.T.);
#113=FACE_OUTER_BOUND('',#214,.T.);
#114=FACE_OUTER_BOUND('',#215,.T.);
#115=FACE_OUTER_BOUND('',#216,.T.);
#116=FACE_OUTER_BOUND('',#217,.T.);
#117=FACE_OUTER_BOUND('',#222,.T.);
#118=FACE_OUTER_BOUND('',#223,.T.);
#119=FACE_OUTER_BOUND('',#224,.T.);
#120=FACE_OUTER_BOUND('',#225,.T.);
#121=FACE_OUTER_BOUND('',#226,.T.);
#122=FACE_OUTER_BOUND('',#227,.T.);
#123=FACE_OUTER_BOUND('',#228,.T.);
#124=FACE_OUTER_BOUND('',#229,.T.);
#125=FACE_OUTER_BOUND('',#230,.T.);
#126=FACE_OUTER_BOUND('',#231,.T.);
#127=FACE_OUTER_BOUND('',#232,.T.);
#128=FACE_OUTER_BOUND('',#233,.T.);
#129=FACE_OUTER_BOUND('',#234,.T.);
#130=FACE_OUTER_BOUND('',#235,.T.);
#131=FACE_OUTER_BOUND('',#236,.T.);
#132=FACE_OUTER_BOUND('',#237,.T.);
#133=FACE_OUTER_BOUND('',#238,.T.);
#134=FACE_OUTER_BOUND('',#239,.T.);
#135=FACE_OUTER_BOUND('',#240,.T.);
#136=FACE_OUTER_BOUND('',#241,.T.);
#137=FACE_OUTER_BOUND('',#242,.T.);
#138=FACE_OUTER_BOUND('',#243,.T.);
#139=FACE_OUTER_BOUND('',#244,.T.);
#140=FACE_OUTER_BOUND('',#245,.T.);
#141=FACE_OUTER_BOUND('',#246,.T.);
#142=FACE_OUTER_BOUND('',#247,.T.);
#143=FACE_OUTER_BOUND('',#248,.T.);
#144=FACE_OUTER_BOUND('',#249,.T.);
#145=FACE_OUTER_BOUND('',#250,.T.);
#146=FACE_OUTER_BOUND('',#251,.T.);
#147=FACE_OUTER_BOUND('',#252,.T.);
#148=FACE_OUTER_BOUND('',#253,.T.);
#149=FACE_OUTER_BOUND('',#254,.T.);
#150=FACE_OUTER_BOUND('',#255,.T.);
#151=FACE_OUTER_BOUND('',#256,.T.);
#152=EDGE_LOOP('',(#1214,#1215,#1216,#1217));
#153=EDGE_LOOP('',(#1218,#1219,#1220,#1221));
#154=EDGE_LOOP('',(#1222,#1223,#1224,#1225));
#155=EDGE_LOOP('',(#1226,#1227,#1228,#1229,#1230));
#156=EDGE_LOOP('',(#1231,#1232,#1233,#1234));
#157=EDGE_LOOP('',(#1235,#1236,#1237,#1238));
#158=EDGE_LOOP('',(#1239,#1240,#1241,#1242));
#159=EDGE_LOOP('',(#1243,#1244,#1245,#1246));
#160=EDGE_LOOP('',(#1247,#1248,#1249,#1250,#1251));
#161=EDGE_LOOP('',(#1252,#1253,#1254,#1255));
#162=EDGE_LOOP('',(#1256,#1257,#1258,#1259));
#163=EDGE_LOOP('',(#1260,#1261,#1262,#1263));
#164=EDGE_LOOP('',(#1264,#1265,#1266,#1267));
#165=EDGE_LOOP('',(#1268,#1269,#1270,#1271,#1272));
#166=EDGE_LOOP('',(#1273,#1274,#1275,#1276));
#167=EDGE_LOOP('',(#1277,#1278,#1279,#1280));
#168=EDGE_LOOP('',(#1281,#1282,#1283,#1284));
#169=EDGE_LOOP('',(#1285,#1286,#1287,#1288));
#170=EDGE_LOOP('',(#1289,#1290,#1291,#1292));
#171=EDGE_LOOP('',(#1293,#1294,#1295,#1296));
#172=EDGE_LOOP('',(#1297,#1298,#1299,#1300));
#173=EDGE_LOOP('',(#1301,#1302,#1303,#1304));
#174=EDGE_LOOP('',(#1305,#1306,#1307,#1308));
#175=EDGE_LOOP('',(#1309,#1310,#1311,#1312));
#176=EDGE_LOOP('',(#1313,#1314,#1315,#1316));
#177=EDGE_LOOP('',(#1317,#1318,#1319,#1320));
#178=EDGE_LOOP('',(#1321,#1322,#1323,#1324));
#179=EDGE_LOOP('',(#1325,#1326,#1327,#1328));
#180=EDGE_LOOP('',(#1329,#1330,#1331,#1332));
#181=EDGE_LOOP('',(#1333,#1334,#1335,#1336));
#182=EDGE_LOOP('',(#1337,#1338,#1339,#1340));
#183=EDGE_LOOP('',(#1341,#1342,#1343,#1344));
#184=EDGE_LOOP('',(#1345,#1346,#1347,#1348));
#185=EDGE_LOOP('',(#1349,#1350,#1351,#1352));
#186=EDGE_LOOP('',(#1353,#1354,#1355,#1356,#1357,#1358));
#187=EDGE_LOOP('',(#1359,#1360,#1361,#1362));
#188=EDGE_LOOP('',(#1363,#1364,#1365,#1366,#1367,#1368,#1369,#1370));
#189=EDGE_LOOP('',(#1371,#1372,#1373,#1374,#1375,#1376));
#190=EDGE_LOOP('',(#1377,#1378,#1379,#1380));
#191=EDGE_LOOP('',(#1381,#1382,#1383,#1384,#1385,#1386,#1387,#1388));
#192=EDGE_LOOP('',(#1389,#1390,#1391,#1392,#1393,#1394));
#193=EDGE_LOOP('',(#1395,#1396,#1397,#1398));
#194=EDGE_LOOP('',(#1399,#1400,#1401,#1402,#1403,#1404,#1405,#1406));
#195=EDGE_LOOP('',(#1407,#1408,#1409,#1410));
#196=EDGE_LOOP('',(#1411,#1412,#1413,#1414));
#197=EDGE_LOOP('',(#1415,#1416,#1417,#1418));
#198=EDGE_LOOP('',(#1419,#1420,#1421,#1422));
#199=EDGE_LOOP('',(#1423,#1424,#1425,#1426));
#200=EDGE_LOOP('',(#1427,#1428,#1429,#1430));
#201=EDGE_LOOP('',(#1431,#1432,#1433,#1434,#1435,#1436,#1437,#1438,#1439,
#1440));
#202=EDGE_LOOP('',(#1441,#1442,#1443,#1444,#1445,#1446,#1447,#1448,#1449,
#1450,#1451));
#203=EDGE_LOOP('',(#1452,#1453,#1454,#1455));
#204=EDGE_LOOP('',(#1456,#1457,#1458,#1459,#1460,#1461,#1462,#1463,#1464,
#1465,#1466,#1467));
#205=EDGE_LOOP('',(#1468,#1469,#1470,#1471,#1472,#1473,#1474,#1475,#1476,
#1477,#1478,#1479));
#206=EDGE_LOOP('',(#1480,#1481,#1482,#1483));
#207=EDGE_LOOP('',(#1484,#1485,#1486,#1487,#1488,#1489,#1490,#1491,#1492,
#1493,#1494));
#208=EDGE_LOOP('',(#1495,#1496,#1497,#1498,#1499,#1500,#1501,#1502,#1503,
#1504));
#209=EDGE_LOOP('',(#1505,#1506,#1507,#1508));
#210=EDGE_LOOP('',(#1509,#1510,#1511,#1512,#1513,#1514,#1515,#1516,#1517,
#1518,#1519));
#211=EDGE_LOOP('',(#1520,#1521,#1522,#1523,#1524,#1525,#1526,#1527,#1528,
#1529));
#212=EDGE_LOOP('',(#1530,#1531,#1532,#1533));
#213=EDGE_LOOP('',(#1534,#1535,#1536,#1537));
#214=EDGE_LOOP('',(#1538));
#215=EDGE_LOOP('',(#1539,#1540,#1541,#1542));
#216=EDGE_LOOP('',(#1543));
#217=EDGE_LOOP('',(#1544,#1545,#1546,#1547));
#218=EDGE_LOOP('',(#1548));
#219=EDGE_LOOP('',(#1549));
#220=EDGE_LOOP('',(#1550));
#221=EDGE_LOOP('',(#1551));
#222=EDGE_LOOP('',(#1552,#1553,#1554,#1555));
#223=EDGE_LOOP('',(#1556,#1557,#1558,#1559));
#224=EDGE_LOOP('',(#1560,#1561,#1562,#1563));
#225=EDGE_LOOP('',(#1564,#1565,#1566,#1567,#1568,#1569));
#226=EDGE_LOOP('',(#1570,#1571,#1572,#1573,#1574,#1575));
#227=EDGE_LOOP('',(#1576,#1577,#1578,#1579));
#228=EDGE_LOOP('',(#1580,#1581,#1582,#1583));
#229=EDGE_LOOP('',(#1584,#1585,#1586,#1587));
#230=EDGE_LOOP('',(#1588,#1589,#1590,#1591));
#231=EDGE_LOOP('',(#1592,#1593,#1594,#1595));
#232=EDGE_LOOP('',(#1596,#1597,#1598,#1599));
#233=EDGE_LOOP('',(#1600,#1601,#1602,#1603));
#234=EDGE_LOOP('',(#1604,#1605,#1606,#1607));
#235=EDGE_LOOP('',(#1608,#1609,#1610,#1611));
#236=EDGE_LOOP('',(#1612,#1613,#1614,#1615));
#237=EDGE_LOOP('',(#1616,#1617,#1618,#1619));
#238=EDGE_LOOP('',(#1620,#1621,#1622,#1623,#1624,#1625));
#239=EDGE_LOOP('',(#1626,#1627,#1628,#1629));
#240=EDGE_LOOP('',(#1630,#1631,#1632,#1633));
#241=EDGE_LOOP('',(#1634,#1635,#1636,#1637));
#242=EDGE_LOOP('',(#1638,#1639,#1640,#1641));
#243=EDGE_LOOP('',(#1642,#1643,#1644,#1645));
#244=EDGE_LOOP('',(#1646,#1647,#1648,#1649,#1650,#1651));
#245=EDGE_LOOP('',(#1652,#1653,#1654,#1655));
#246=EDGE_LOOP('',(#1656,#1657,#1658,#1659));
#247=EDGE_LOOP('',(#1660,#1661,#1662,#1663));
#248=EDGE_LOOP('',(#1664,#1665,#1666,#1667));
#249=EDGE_LOOP('',(#1668,#1669,#1670,#1671));
#250=EDGE_LOOP('',(#1672,#1673,#1674,#1675));
#251=EDGE_LOOP('',(#1676,#1677,#1678,#1679));
#252=EDGE_LOOP('',(#1680,#1681,#1682,#1683));
#253=EDGE_LOOP('',(#1684,#1685,#1686,#1687));
#254=EDGE_LOOP('',(#1688,#1689,#1690,#1691));
#255=EDGE_LOOP('',(#1692,#1693,#1694,#1695));
#256=EDGE_LOOP('',(#1696,#1697,#1698,#1699));
#257=EDGE_LOOP('',(#1700,#1701,#1702,#1703));
#258=EDGE_LOOP('',(#1704,#1705,#1706,#1707));
#259=EDGE_LOOP('',(#1708,#1709,#1710,#1711));
#260=EDGE_LOOP('',(#1712,#1713,#1714,#1715,#1716,#1717));
#261=EDGE_LOOP('',(#1718,#1719,#1720,#1721));
#262=EDGE_LOOP('',(#1722,#1723,#1724,#1725,#1726,#1727));
#263=EDGE_LOOP('',(#1728));
#264=EDGE_LOOP('',(#1729));
#265=EDGE_LOOP('',(#1730));
#266=EDGE_LOOP('',(#1731));
#267=EDGE_LOOP('',(#1732));
#268=EDGE_LOOP('',(#1733));
#269=EDGE_LOOP('',(#1734,#1735,#1736,#1737));
#270=EDGE_LOOP('',(#1738,#1739,#1740,#1741));
#271=LINE('',#2549,#523);
#272=LINE('',#2551,#524);
#273=LINE('',#2553,#525);
#274=LINE('',#2554,#526);
#275=LINE('',#2557,#527);
#276=LINE('',#2559,#528);
#277=LINE('',#2560,#529);
#278=LINE('',#2563,#530);
#279=LINE('',#2565,#531);
#280=LINE('',#2566,#532);
#281=LINE('',#2570,#533);
#282=LINE('',#2572,#534);
#283=LINE('',#2574,#535);
#284=LINE('',#2576,#536);
#285=LINE('',#2577,#537);
#286=LINE('',#2580,#538);
#287=LINE('',#2582,#539);
#288=LINE('',#2583,#540);
#289=LINE('',#2586,#541);
#290=LINE('',#2588,#542);
#291=LINE('',#2589,#543);
#292=LINE('',#2591,#544);
#293=LINE('',#2594,#545);
#294=LINE('',#2595,#546);
#295=LINE('',#2599,#547);
#296=LINE('',#2601,#548);
#297=LINE('',#2603,#549);
#298=LINE('',#2605,#550);
#299=LINE('',#2606,#551);
#300=LINE('',#2609,#552);
#301=LINE('',#2611,#553);
#302=LINE('',#2612,#554);
#303=LINE('',#2615,#555);
#304=LINE('',#2617,#556);
#305=LINE('',#2618,#557);
#306=LINE('',#2620,#558);
#307=LINE('',#2623,#559);
#308=LINE('',#2624,#560);
#309=LINE('',#2628,#561);
#310=LINE('',#2630,#562);
#311=LINE('',#2632,#563);
#312=LINE('',#2634,#564);
#313=LINE('',#2635,#565);
#314=LINE('',#2638,#566);
#315=LINE('',#2640,#567);
#316=LINE('',#2641,#568);
#317=LINE('',#2644,#569);
#318=LINE('',#2646,#570);
#319=LINE('',#2647,#571);
#320=LINE('',#2649,#572);
#321=LINE('',#2652,#573);
#322=LINE('',#2653,#574);
#323=LINE('',#2657,#575);
#324=LINE('',#2659,#576);
#325=LINE('',#2661,#577);
#326=LINE('',#2662,#578);
#327=LINE('',#2665,#579);
#328=LINE('',#2667,#580);
#329=LINE('',#2668,#581);
#330=LINE('',#2672,#582);
#331=LINE('',#2674,#583);
#332=LINE('',#2676,#584);
#333=LINE('',#2677,#585);
#334=LINE('',#2680,#586);
#335=LINE('',#2682,#587);
#336=LINE('',#2683,#588);
#337=LINE('',#2687,#589);
#338=LINE('',#2689,#590);
#339=LINE('',#2691,#591);
#340=LINE('',#2692,#592);
#341=LINE('',#2695,#593);
#342=LINE('',#2697,#594);
#343=LINE('',#2698,#595);
#344=LINE('',#2702,#596);
#345=LINE('',#2704,#597);
#346=LINE('',#2706,#598);
#347=LINE('',#2707,#599);
#348=LINE('',#2710,#600);
#349=LINE('',#2712,#601);
#350=LINE('',#2713,#602);
#351=LINE('',#2716,#603);
#352=LINE('',#2718,#604);
#353=LINE('',#2719,#605);
#354=LINE('',#2723,#606);
#355=LINE('',#2725,#607);
#356=LINE('',#2727,#608);
#357=LINE('',#2728,#609);
#358=LINE('',#2730,#610);
#359=LINE('',#2731,#611);
#360=LINE('',#2734,#612);
#361=LINE('',#2736,#613);
#362=LINE('',#2737,#614);
#363=LINE('',#2741,#615);
#364=LINE('',#2743,#616);
#365=LINE('',#2745,#617);
#366=LINE('',#2746,#618);
#367=LINE('',#2748,#619);
#368=LINE('',#2749,#620);
#369=LINE('',#2753,#621);
#370=LINE('',#2755,#622);
#371=LINE('',#2757,#623);
#372=LINE('',#2758,#624);
#373=LINE('',#2760,#625);
#374=LINE('',#2761,#626);
#375=LINE('',#2764,#627);
#376=LINE('',#2766,#628);
#377=LINE('',#2768,#629);
#378=LINE('',#2769,#630);
#379=LINE('',#2773,#631);
#380=LINE('',#2775,#632);
#381=LINE('',#2777,#633);
#382=LINE('',#2778,#634);
#383=LINE('',#2780,#635);
#384=LINE('',#2781,#636);
#385=LINE('',#2784,#637);
#386=LINE('',#2786,#638);
#387=LINE('',#2788,#639);
#388=LINE('',#2789,#640);
#389=LINE('',#2793,#641);
#390=LINE('',#2795,#642);
#391=LINE('',#2797,#643);
#392=LINE('',#2798,#644);
#393=LINE('',#2800,#645);
#394=LINE('',#2801,#646);
#395=LINE('',#2804,#647);
#396=LINE('',#2806,#648);
#397=LINE('',#2808,#649);
#398=LINE('',#2809,#650);
#399=LINE('',#2813,#651);
#400=LINE('',#2815,#652);
#401=LINE('',#2817,#653);
#402=LINE('',#2818,#654);
#403=LINE('',#2820,#655);
#404=LINE('',#2821,#656);
#405=LINE('',#2825,#657);
#406=LINE('',#2827,#658);
#407=LINE('',#2829,#659);
#408=LINE('',#2830,#660);
#409=LINE('',#2833,#661);
#410=LINE('',#2835,#662);
#411=LINE('',#2836,#663);
#412=LINE('',#2838,#664);
#413=LINE('',#2839,#665);
#414=LINE('',#2842,#666);
#415=LINE('',#2844,#667);
#416=LINE('',#2845,#668);
#417=LINE('',#2849,#669);
#418=LINE('',#2851,#670);
#419=LINE('',#2853,#671);
#420=LINE('',#2854,#672);
#421=LINE('',#2856,#673);
#422=LINE('',#2857,#674);
#423=LINE('',#2859,#675);
#424=LINE('',#2860,#676);
#425=LINE('',#2862,#677);
#426=LINE('',#2863,#678);
#427=LINE('',#2866,#679);
#428=LINE('',#2867,#680);
#429=LINE('',#2869,#681);
#430=LINE('',#2870,#682);
#431=LINE('',#2873,#683);
#432=LINE('',#2874,#684);
#433=LINE('',#2876,#685);
#434=LINE('',#2877,#686);
#435=LINE('',#2880,#687);
#436=LINE('',#2881,#688);
#437=LINE('',#2883,#689);
#438=LINE('',#2884,#690);
#439=LINE('',#2890,#691);
#440=LINE('',#2897,#692);
#441=LINE('',#2903,#693);
#442=LINE('',#2905,#694);
#443=LINE('',#2907,#695);
#444=LINE('',#2908,#696);
#445=LINE('',#2920,#697);
#446=LINE('',#2922,#698);
#447=LINE('',#2924,#699);
#448=LINE('',#2925,#700);
#449=LINE('',#2929,#701);
#450=LINE('',#2931,#702);
#451=LINE('',#2933,#703);
#452=LINE('',#2934,#704);
#453=LINE('',#2937,#705);
#454=LINE('',#2939,#706);
#455=LINE('',#2940,#707);
#456=LINE('',#2943,#708);
#457=LINE('',#2945,#709);
#458=LINE('',#2947,#710);
#459=LINE('',#2948,#711);
#460=LINE('',#2951,#712);
#461=LINE('',#2953,#713);
#462=LINE('',#2955,#714);
#463=LINE('',#2957,#715);
#464=LINE('',#2958,#716);
#465=LINE('',#2961,#717);
#466=LINE('',#2962,#718);
#467=LINE('',#2966,#719);
#468=LINE('',#2967,#720);
#469=LINE('',#2968,#721);
#470=LINE('',#2971,#722);
#471=LINE('',#2973,#723);
#472=LINE('',#2974,#724);
#473=LINE('',#2978,#725);
#474=LINE('',#2979,#726);
#475=LINE('',#2980,#727);
#476=LINE('',#2984,#728);
#477=LINE('',#2986,#729);
#478=LINE('',#2988,#730);
#479=LINE('',#2989,#731);
#480=LINE('',#2992,#732);
#481=LINE('',#2994,#733);
#482=LINE('',#2995,#734);
#483=LINE('',#2998,#735);
#484=LINE('',#3000,#736);
#485=LINE('',#3001,#737);
#486=LINE('',#3003,#738);
#487=LINE('',#3004,#739);
#488=LINE('',#3007,#740);
#489=LINE('',#3010,#741);
#490=LINE('',#3011,#742);
#491=LINE('',#3013,#743);
#492=LINE('',#3017,#744);
#493=LINE('',#3019,#745);
#494=LINE('',#3021,#746);
#495=LINE('',#3022,#747);
#496=LINE('',#3025,#748);
#497=LINE('',#3027,#749);
#498=LINE('',#3028,#750);
#499=LINE('',#3031,#751);
#500=LINE('',#3033,#752);
#501=LINE('',#3034,#753);
#502=LINE('',#3036,#754);
#503=LINE('',#3037,#755);
#504=LINE('',#3041,#756);
#505=LINE('',#3043,#757);
#506=LINE('',#3044,#758);
#507=LINE('',#3046,#759);
#508=LINE('',#3049,#760);
#509=LINE('',#3050,#761);
#510=LINE('',#3052,#762);
#511=LINE('',#3056,#763);
#512=LINE('',#3060,#764);
#513=LINE('',#3064,#765);
#514=LINE('',#3068,#766);
#515=LINE('',#3071,#767);
#516=LINE('',#3073,#768);
#517=LINE('',#3074,#769);
#518=LINE('',#3077,#770);
#519=LINE('',#3078,#771);
#520=LINE('',#3081,#772);
#521=LINE('',#3082,#773);
#522=LINE('',#3084,#774);
#523=VECTOR('',#2069,10.);
#524=VECTOR('',#2070,10.);
#525=VECTOR('',#2071,10.);
#526=VECTOR('',#2072,10.);
#527=VECTOR('',#2075,10.);
#528=VECTOR('',#2076,10.);
#529=VECTOR('',#2077,10.);
#530=VECTOR('',#2080,10.);
#531=VECTOR('',#2081,10.);
#532=VECTOR('',#2082,10.);
#533=VECTOR('',#2085,10.);
#534=VECTOR('',#2086,10.);
#535=VECTOR('',#2087,10.);
#536=VECTOR('',#2088,10.);
#537=VECTOR('',#2089,10.);
#538=VECTOR('',#2092,10.);
#539=VECTOR('',#2093,10.);
#540=VECTOR('',#2094,10.);
#541=VECTOR('',#2097,10.);
#542=VECTOR('',#2098,10.);
#543=VECTOR('',#2099,10.);
#544=VECTOR('',#2102,10.);
#545=VECTOR('',#2105,10.);
#546=VECTOR('',#2106,10.);
#547=VECTOR('',#2109,10.);
#548=VECTOR('',#2110,10.);
#549=VECTOR('',#2111,10.);
#550=VECTOR('',#2112,10.);
#551=VECTOR('',#2113,10.);
#552=VECTOR('',#2116,10.);
#553=VECTOR('',#2117,10.);
#554=VECTOR('',#2118,10.);
#555=VECTOR('',#2121,10.);
#556=VECTOR('',#2122,10.);
#557=VECTOR('',#2123,10.);
#558=VECTOR('',#2126,10.);
#559=VECTOR('',#2129,10.);
#560=VECTOR('',#2130,10.);
#561=VECTOR('',#2133,10.);
#562=VECTOR('',#2134,10.);
#563=VECTOR('',#2135,10.);
#564=VECTOR('',#2136,10.);
#565=VECTOR('',#2137,10.);
#566=VECTOR('',#2140,10.);
#567=VECTOR('',#2141,10.);
#568=VECTOR('',#2142,10.);
#569=VECTOR('',#2145,10.);
#570=VECTOR('',#2146,10.);
#571=VECTOR('',#2147,10.);
#572=VECTOR('',#2150,10.);
#573=VECTOR('',#2153,10.);
#574=VECTOR('',#2154,10.);
#575=VECTOR('',#2157,10.);
#576=VECTOR('',#2158,10.);
#577=VECTOR('',#2159,10.);
#578=VECTOR('',#2160,10.);
#579=VECTOR('',#2163,10.);
#580=VECTOR('',#2164,10.);
#581=VECTOR('',#2165,10.);
#582=VECTOR('',#2168,10.);
#583=VECTOR('',#2169,10.);
#584=VECTOR('',#2170,10.);
#585=VECTOR('',#2171,10.);
#586=VECTOR('',#2174,10.);
#587=VECTOR('',#2175,10.);
#588=VECTOR('',#2176,10.);
#589=VECTOR('',#2179,10.);
#590=VECTOR('',#2180,10.);
#591=VECTOR('',#2181,10.);
#592=VECTOR('',#2182,10.);
#593=VECTOR('',#2185,10.);
#594=VECTOR('',#2186,10.);
#595=VECTOR('',#2187,10.);
#596=VECTOR('',#2190,10.);
#597=VECTOR('',#2191,10.);
#598=VECTOR('',#2192,10.);
#599=VECTOR('',#2193,10.);
#600=VECTOR('',#2196,10.);
#601=VECTOR('',#2197,10.);
#602=VECTOR('',#2198,10.);
#603=VECTOR('',#2201,10.);
#604=VECTOR('',#2202,10.);
#605=VECTOR('',#2203,10.);
#606=VECTOR('',#2206,10.);
#607=VECTOR('',#2207,10.);
#608=VECTOR('',#2208,10.);
#609=VECTOR('',#2209,10.);
#610=VECTOR('',#2212,10.);
#611=VECTOR('',#2213,10.);
#612=VECTOR('',#2216,10.);
#613=VECTOR('',#2217,10.);
#614=VECTOR('',#2218,10.);
#615=VECTOR('',#2221,10.);
#616=VECTOR('',#2222,10.);
#617=VECTOR('',#2223,10.);
#618=VECTOR('',#2224,10.);
#619=VECTOR('',#2227,10.);
#620=VECTOR('',#2228,10.);
#621=VECTOR('',#2231,10.);
#622=VECTOR('',#2232,10.);
#623=VECTOR('',#2233,10.);
#624=VECTOR('',#2234,10.);
#625=VECTOR('',#2237,10.);
#626=VECTOR('',#2238,10.);
#627=VECTOR('',#2241,10.);
#628=VECTOR('',#2242,10.);
#629=VECTOR('',#2243,10.);
#630=VECTOR('',#2244,10.);
#631=VECTOR('',#2247,10.);
#632=VECTOR('',#2248,10.);
#633=VECTOR('',#2249,10.);
#634=VECTOR('',#2250,10.);
#635=VECTOR('',#2253,10.);
#636=VECTOR('',#2254,10.);
#637=VECTOR('',#2257,10.);
#638=VECTOR('',#2258,10.);
#639=VECTOR('',#2259,10.);
#640=VECTOR('',#2260,10.);
#641=VECTOR('',#2263,10.);
#642=VECTOR('',#2264,10.);
#643=VECTOR('',#2265,10.);
#644=VECTOR('',#2266,10.);
#645=VECTOR('',#2269,10.);
#646=VECTOR('',#2270,10.);
#647=VECTOR('',#2273,10.);
#648=VECTOR('',#2274,10.);
#649=VECTOR('',#2275,10.);
#650=VECTOR('',#2276,10.);
#651=VECTOR('',#2279,10.);
#652=VECTOR('',#2280,10.);
#653=VECTOR('',#2281,10.);
#654=VECTOR('',#2282,10.);
#655=VECTOR('',#2285,10.);
#656=VECTOR('',#2286,10.);
#657=VECTOR('',#2289,10.);
#658=VECTOR('',#2290,10.);
#659=VECTOR('',#2291,10.);
#660=VECTOR('',#2292,10.);
#661=VECTOR('',#2295,10.);
#662=VECTOR('',#2296,10.);
#663=VECTOR('',#2297,10.);
#664=VECTOR('',#2300,10.);
#665=VECTOR('',#2301,10.);
#666=VECTOR('',#2304,10.);
#667=VECTOR('',#2305,10.);
#668=VECTOR('',#2306,10.);
#669=VECTOR('',#2309,10.);
#670=VECTOR('',#2310,10.);
#671=VECTOR('',#2311,10.);
#672=VECTOR('',#2312,10.);
#673=VECTOR('',#2315,10.);
#674=VECTOR('',#2316,10.);
#675=VECTOR('',#2319,10.);
#676=VECTOR('',#2320,10.);
#677=VECTOR('',#2323,10.);
#678=VECTOR('',#2324,10.);
#679=VECTOR('',#2329,10.);
#680=VECTOR('',#2330,10.);
#681=VECTOR('',#2333,10.);
#682=VECTOR('',#2334,10.);
#683=VECTOR('',#2339,10.);
#684=VECTOR('',#2340,10.);
#685=VECTOR('',#2343,10.);
#686=VECTOR('',#2344,10.);
#687=VECTOR('',#2349,10.);
#688=VECTOR('',#2350,10.);
#689=VECTOR('',#2353,10.);
#690=VECTOR('',#2354,10.);
#691=VECTOR('',#2361,0.421150489544999);
#692=VECTOR('',#2370,0.421150489544999);
#693=VECTOR('',#2377,2.8076699303);
#694=VECTOR('',#2378,2.8076699303);
#695=VECTOR('',#2379,2.8076699303);
#696=VECTOR('',#2380,2.8076699303);
#697=VECTOR('',#2391,10.);
#698=VECTOR('',#2392,10.);
#699=VECTOR('',#2393,10.);
#700=VECTOR('',#2394,10.);
#701=VECTOR('',#2397,10.);
#702=VECTOR('',#2398,10.);
#703=VECTOR('',#2399,10.);
#704=VECTOR('',#2400,10.);
#705=VECTOR('',#2403,10.);
#706=VECTOR('',#2404,10.);
#707=VECTOR('',#2405,10.);
#708=VECTOR('',#2408,10.);
#709=VECTOR('',#2409,10.);
#710=VECTOR('',#2410,10.);
#711=VECTOR('',#2411,10.);
#712=VECTOR('',#2414,10.);
#713=VECTOR('',#2415,10.);
#714=VECTOR('',#2416,10.);
#715=VECTOR('',#2417,10.);
#716=VECTOR('',#2418,10.);
#717=VECTOR('',#2421,10.);
#718=VECTOR('',#2422,10.);
#719=VECTOR('',#2425,10.);
#720=VECTOR('',#2426,10.);
#721=VECTOR('',#2427,10.);
#722=VECTOR('',#2430,10.);
#723=VECTOR('',#2431,10.);
#724=VECTOR('',#2432,10.);
#725=VECTOR('',#2435,10.);
#726=VECTOR('',#2436,10.);
#727=VECTOR('',#2437,10.);
#728=VECTOR('',#2440,10.);
#729=VECTOR('',#2441,10.);
#730=VECTOR('',#2442,10.);
#731=VECTOR('',#2443,10.);
#732=VECTOR('',#2446,10.);
#733=VECTOR('',#2447,10.);
#734=VECTOR('',#2448,10.);
#735=VECTOR('',#2451,10.);
#736=VECTOR('',#2452,10.);
#737=VECTOR('',#2453,10.);
#738=VECTOR('',#2456,10.);
#739=VECTOR('',#2457,10.);
#740=VECTOR('',#2462,10.);
#741=VECTOR('',#2465,10.);
#742=VECTOR('',#2466,10.);
#743=VECTOR('',#2469,10.);
#744=VECTOR('',#2472,10.);
#745=VECTOR('',#2473,10.);
#746=VECTOR('',#2474,10.);
#747=VECTOR('',#2475,10.);
#748=VECTOR('',#2478,10.);
#749=VECTOR('',#2479,10.);
#750=VECTOR('',#2480,10.);
#751=VECTOR('',#2483,10.);
#752=VECTOR('',#2484,10.);
#753=VECTOR('',#2485,10.);
#754=VECTOR('',#2488,10.);
#755=VECTOR('',#2489,10.);
#756=VECTOR('',#2494,10.);
#757=VECTOR('',#2495,10.);
#758=VECTOR('',#2496,10.);
#759=VECTOR('',#2499,10.);
#760=VECTOR('',#2502,10.);
#761=VECTOR('',#2503,10.);
#762=VECTOR('',#2506,10.);
#763=VECTOR('',#2511,0.645764083968999);
#764=VECTOR('',#2516,0.645764083968991);
#765=VECTOR('',#2521,0.645764083968991);
#766=VECTOR('',#2526,0.645764083969);
#767=VECTOR('',#2529,10.);
#768=VECTOR('',#2530,2.8076699303);
#769=VECTOR('',#2531,2.8076699303);
#770=VECTOR('',#2534,2.8076699303);
#771=VECTOR('',#2535,2.8076699303);
#772=VECTOR('',#2538,2.8076699303);
#773=VECTOR('',#2539,2.8076699303);
#774=VECTOR('',#2542,2.8076699303);
#775=VERTEX_POINT('',#2547);
#776=VERTEX_POINT('',#2548);
#777=VERTEX_POINT('',#2550);
#778=VERTEX_POINT('',#2552);
#779=VERTEX_POINT('',#2556);
#780=VERTEX_POINT('',#2558);
#781=VERTEX_POINT('',#2562);
#782=VERTEX_POINT('',#2564);
#783=VERTEX_POINT('',#2568);
#784=VERTEX_POINT('',#2569);
#785=VERTEX_POINT('',#2571);
#786=VERTEX_POINT('',#2573);
#787=VERTEX_POINT('',#2575);
#788=VERTEX_POINT('',#2579);
#789=VERTEX_POINT('',#2581);
#790=VERTEX_POINT('',#2585);
#791=VERTEX_POINT('',#2587);
#792=VERTEX_POINT('',#2593);
#793=VERTEX_POINT('',#2597);
#794=VERTEX_POINT('',#2598);
#795=VERTEX_POINT('',#2600);
#796=VERTEX_POINT('',#2602);
#797=VERTEX_POINT('',#2604);
#798=VERTEX_POINT('',#2608);
#799=VERTEX_POINT('',#2610);
#800=VERTEX_POINT('',#2614);
#801=VERTEX_POINT('',#2616);
#802=VERTEX_POINT('',#2622);
#803=VERTEX_POINT('',#2626);
#804=VERTEX_POINT('',#2627);
#805=VERTEX_POINT('',#2629);
#806=VERTEX_POINT('',#2631);
#807=VERTEX_POINT('',#2633);
#808=VERTEX_POINT('',#2637);
#809=VERTEX_POINT('',#2639);
#810=VERTEX_POINT('',#2643);
#811=VERTEX_POINT('',#2645);
#812=VERTEX_POINT('',#2651);
#813=VERTEX_POINT('',#2655);
#814=VERTEX_POINT('',#2656);
#815=VERTEX_POINT('',#2658);
#816=VERTEX_POINT('',#2660);
#817=VERTEX_POINT('',#2664);
#818=VERTEX_POINT('',#2666);
#819=VERTEX_POINT('',#2670);
#820=VERTEX_POINT('',#2671);
#821=VERTEX_POINT('',#2673);
#822=VERTEX_POINT('',#2675);
#823=VERTEX_POINT('',#2679);
#824=VERTEX_POINT('',#2681);
#825=VERTEX_POINT('',#2685);
#826=VERTEX_POINT('',#2686);
#827=VERTEX_POINT('',#2688);
#828=VERTEX_POINT('',#2690);
#829=VERTEX_POINT('',#2694);
#830=VERTEX_POINT('',#2696);
#831=VERTEX_POINT('',#2700);
#832=VERTEX_POINT('',#2701);
#833=VERTEX_POINT('',#2703);
#834=VERTEX_POINT('',#2705);
#835=VERTEX_POINT('',#2709);
#836=VERTEX_POINT('',#2711);
#837=VERTEX_POINT('',#2715);
#838=VERTEX_POINT('',#2717);
#839=VERTEX_POINT('',#2721);
#840=VERTEX_POINT('',#2722);
#841=VERTEX_POINT('',#2724);
#842=VERTEX_POINT('',#2726);
#843=VERTEX_POINT('',#2733);
#844=VERTEX_POINT('',#2735);
#845=VERTEX_POINT('',#2739);
#846=VERTEX_POINT('',#2740);
#847=VERTEX_POINT('',#2742);
#848=VERTEX_POINT('',#2744);
#849=VERTEX_POINT('',#2751);
#850=VERTEX_POINT('',#2752);
#851=VERTEX_POINT('',#2754);
#852=VERTEX_POINT('',#2756);
#853=VERTEX_POINT('',#2763);
#854=VERTEX_POINT('',#2765);
#855=VERTEX_POINT('',#2767);
#856=VERTEX_POINT('',#2771);
#857=VERTEX_POINT('',#2772);
#858=VERTEX_POINT('',#2774);
#859=VERTEX_POINT('',#2776);
#860=VERTEX_POINT('',#2783);
#861=VERTEX_POINT('',#2785);
#862=VERTEX_POINT('',#2787);
#863=VERTEX_POINT('',#2791);
#864=VERTEX_POINT('',#2792);
#865=VERTEX_POINT('',#2794);
#866=VERTEX_POINT('',#2796);
#867=VERTEX_POINT('',#2803);
#868=VERTEX_POINT('',#2805);
#869=VERTEX_POINT('',#2807);
#870=VERTEX_POINT('',#2811);
#871=VERTEX_POINT('',#2812);
#872=VERTEX_POINT('',#2814);
#873=VERTEX_POINT('',#2816);
#874=VERTEX_POINT('',#2823);
#875=VERTEX_POINT('',#2824);
#876=VERTEX_POINT('',#2826);
#877=VERTEX_POINT('',#2828);
#878=VERTEX_POINT('',#2832);
#879=VERTEX_POINT('',#2834);
#880=VERTEX_POINT('',#2841);
#881=VERTEX_POINT('',#2843);
#882=VERTEX_POINT('',#2847);
#883=VERTEX_POINT('',#2848);
#884=VERTEX_POINT('',#2850);
#885=VERTEX_POINT('',#2852);
#886=VERTEX_POINT('',#2887);
#887=VERTEX_POINT('',#2889);
#888=VERTEX_POINT('',#2894);
#889=VERTEX_POINT('',#2896);
#890=VERTEX_POINT('',#2901);
#891=VERTEX_POINT('',#2902);
#892=VERTEX_POINT('',#2904);
#893=VERTEX_POINT('',#2906);
#894=VERTEX_POINT('',#2909);
#895=VERTEX_POINT('',#2911);
#896=VERTEX_POINT('',#2913);
#897=VERTEX_POINT('',#2915);
#898=VERTEX_POINT('',#2918);
#899=VERTEX_POINT('',#2919);
#900=VERTEX_POINT('',#2921);
#901=VERTEX_POINT('',#2923);
#902=VERTEX_POINT('',#2927);
#903=VERTEX_POINT('',#2928);
#904=VERTEX_POINT('',#2930);
#905=VERTEX_POINT('',#2932);
#906=VERTEX_POINT('',#2936);
#907=VERTEX_POINT('',#2938);
#908=VERTEX_POINT('',#2942);
#909=VERTEX_POINT('',#2944);
#910=VERTEX_POINT('',#2946);
#911=VERTEX_POINT('',#2950);
#912=VERTEX_POINT('',#2952);
#913=VERTEX_POINT('',#2954);
#914=VERTEX_POINT('',#2956);
#915=VERTEX_POINT('',#2960);
#916=VERTEX_POINT('',#2964);
#917=VERTEX_POINT('',#2965);
#918=VERTEX_POINT('',#2970);
#919=VERTEX_POINT('',#2972);
#920=VERTEX_POINT('',#2976);
#921=VERTEX_POINT('',#2977);
#922=VERTEX_POINT('',#2982);
#923=VERTEX_POINT('',#2983);
#924=VERTEX_POINT('',#2985);
#925=VERTEX_POINT('',#2987);
#926=VERTEX_POINT('',#2991);
#927=VERTEX_POINT('',#2993);
#928=VERTEX_POINT('',#2997);
#929=VERTEX_POINT('',#2999);
#930=VERTEX_POINT('',#3009);
#931=VERTEX_POINT('',#3015);
#932=VERTEX_POINT('',#3016);
#933=VERTEX_POINT('',#3018);
#934=VERTEX_POINT('',#3020);
#935=VERTEX_POINT('',#3024);
#936=VERTEX_POINT('',#3026);
#937=VERTEX_POINT('',#3030);
#938=VERTEX_POINT('',#3032);
#939=VERTEX_POINT('',#3040);
#940=VERTEX_POINT('',#3042);
#941=VERTEX_POINT('',#3048);
#942=VERTEX_POINT('',#3054);
#943=VERTEX_POINT('',#3058);
#944=VERTEX_POINT('',#3062);
#945=VERTEX_POINT('',#3066);
#946=VERTEX_POINT('',#3070);
#947=VERTEX_POINT('',#3072);
#948=VERTEX_POINT('',#3076);
#949=VERTEX_POINT('',#3080);
#950=EDGE_CURVE('',#775,#776,#271,.T.);
#951=EDGE_CURVE('',#775,#777,#272,.T.);
#952=EDGE_CURVE('',#778,#777,#273,.T.);
#953=EDGE_CURVE('',#776,#778,#274,.T.);
#954=EDGE_CURVE('',#777,#779,#275,.T.);
#955=EDGE_CURVE('',#779,#780,#276,.T.);
#956=EDGE_CURVE('',#780,#778,#277,.T.);
#957=EDGE_CURVE('',#781,#776,#278,.T.);
#958=EDGE_CURVE('',#782,#781,#279,.T.);
#959=EDGE_CURVE('',#782,#775,#280,.T.);
#960=EDGE_CURVE('',#783,#784,#281,.T.);
#961=EDGE_CURVE('',#783,#785,#282,.T.);
#962=EDGE_CURVE('',#785,#786,#283,.T.);
#963=EDGE_CURVE('',#787,#786,#284,.T.);
#964=EDGE_CURVE('',#784,#787,#285,.T.);
#965=EDGE_CURVE('',#784,#788,#286,.T.);
#966=EDGE_CURVE('',#789,#787,#287,.T.);
#967=EDGE_CURVE('',#788,#789,#288,.T.);
#968=EDGE_CURVE('',#785,#790,#289,.T.);
#969=EDGE_CURVE('',#790,#791,#290,.T.);
#970=EDGE_CURVE('',#786,#791,#291,.T.);
#971=EDGE_CURVE('',#791,#789,#292,.T.);
#972=EDGE_CURVE('',#783,#792,#293,.T.);
#973=EDGE_CURVE('',#790,#792,#294,.T.);
#974=EDGE_CURVE('',#793,#794,#295,.T.);
#975=EDGE_CURVE('',#795,#794,#296,.T.);
#976=EDGE_CURVE('',#795,#796,#297,.T.);
#977=EDGE_CURVE('',#797,#796,#298,.T.);
#978=EDGE_CURVE('',#793,#797,#299,.T.);
#979=EDGE_CURVE('',#798,#793,#300,.T.);
#980=EDGE_CURVE('',#799,#797,#301,.T.);
#981=EDGE_CURVE('',#798,#799,#302,.T.);
#982=EDGE_CURVE('',#800,#795,#303,.T.);
#983=EDGE_CURVE('',#800,#801,#304,.T.);
#984=EDGE_CURVE('',#796,#801,#305,.T.);
#985=EDGE_CURVE('',#801,#799,#306,.T.);
#986=EDGE_CURVE('',#794,#802,#307,.T.);
#987=EDGE_CURVE('',#802,#798,#308,.T.);
#988=EDGE_CURVE('',#803,#804,#309,.T.);
#989=EDGE_CURVE('',#805,#804,#310,.T.);
#990=EDGE_CURVE('',#805,#806,#311,.T.);
#991=EDGE_CURVE('',#807,#806,#312,.T.);
#992=EDGE_CURVE('',#803,#807,#313,.T.);
#993=EDGE_CURVE('',#808,#803,#314,.T.);
#994=EDGE_CURVE('',#809,#807,#315,.T.);
#995=EDGE_CURVE('',#808,#809,#316,.T.);
#996=EDGE_CURVE('',#810,#805,#317,.T.);
#997=EDGE_CURVE('',#810,#811,#318,.T.);
#998=EDGE_CURVE('',#806,#811,#319,.T.);
#999=EDGE_CURVE('',#811,#809,#320,.T.);
#1000=EDGE_CURVE('',#804,#812,#321,.T.);
#1001=EDGE_CURVE('',#812,#808,#322,.T.);
#1002=EDGE_CURVE('',#813,#814,#323,.T.);
#1003=EDGE_CURVE('',#813,#815,#324,.T.);
#1004=EDGE_CURVE('',#816,#815,#325,.T.);
#1005=EDGE_CURVE('',#814,#816,#326,.T.);
#1006=EDGE_CURVE('',#815,#817,#327,.T.);
#1007=EDGE_CURVE('',#817,#818,#328,.T.);
#1008=EDGE_CURVE('',#818,#816,#329,.T.);
#1009=EDGE_CURVE('',#819,#820,#330,.T.);
#1010=EDGE_CURVE('',#819,#821,#331,.T.);
#1011=EDGE_CURVE('',#822,#821,#332,.T.);
#1012=EDGE_CURVE('',#820,#822,#333,.T.);
#1013=EDGE_CURVE('',#823,#822,#334,.T.);
#1014=EDGE_CURVE('',#821,#824,#335,.T.);
#1015=EDGE_CURVE('',#824,#823,#336,.T.);
#1016=EDGE_CURVE('',#825,#826,#337,.T.);
#1017=EDGE_CURVE('',#825,#827,#338,.T.);
#1018=EDGE_CURVE('',#828,#827,#339,.T.);
#1019=EDGE_CURVE('',#826,#828,#340,.T.);
#1020=EDGE_CURVE('',#829,#828,#341,.T.);
#1021=EDGE_CURVE('',#827,#830,#342,.T.);
#1022=EDGE_CURVE('',#830,#829,#343,.T.);
#1023=EDGE_CURVE('',#831,#832,#344,.T.);
#1024=EDGE_CURVE('',#831,#833,#345,.T.);
#1025=EDGE_CURVE('',#834,#833,#346,.T.);
#1026=EDGE_CURVE('',#832,#834,#347,.T.);
#1027=EDGE_CURVE('',#835,#834,#348,.T.);
#1028=EDGE_CURVE('',#833,#836,#349,.T.);
#1029=EDGE_CURVE('',#836,#835,#350,.T.);
#1030=EDGE_CURVE('',#837,#820,#351,.T.);
#1031=EDGE_CURVE('',#838,#837,#352,.T.);
#1032=EDGE_CURVE('',#838,#819,#353,.T.);
#1033=EDGE_CURVE('',#839,#840,#354,.T.);
#1034=EDGE_CURVE('',#839,#841,#355,.T.);
#1035=EDGE_CURVE('',#842,#841,#356,.T.);
#1036=EDGE_CURVE('',#840,#842,#357,.T.);
#1037=EDGE_CURVE('',#842,#824,#358,.T.);
#1038=EDGE_CURVE('',#841,#823,#359,.T.);
#1039=EDGE_CURVE('',#843,#826,#360,.T.);
#1040=EDGE_CURVE('',#844,#843,#361,.T.);
#1041=EDGE_CURVE('',#844,#825,#362,.T.);
#1042=EDGE_CURVE('',#845,#846,#363,.T.);
#1043=EDGE_CURVE('',#845,#847,#364,.T.);
#1044=EDGE_CURVE('',#848,#847,#365,.T.);
#1045=EDGE_CURVE('',#846,#848,#366,.T.);
#1046=EDGE_CURVE('',#848,#830,#367,.T.);
#1047=EDGE_CURVE('',#847,#829,#368,.T.);
#1048=EDGE_CURVE('',#849,#850,#369,.T.);
#1049=EDGE_CURVE('',#849,#851,#370,.T.);
#1050=EDGE_CURVE('',#852,#851,#371,.T.);
#1051=EDGE_CURVE('',#850,#852,#372,.T.);
#1052=EDGE_CURVE('',#852,#779,#373,.T.);
#1053=EDGE_CURVE('',#851,#780,#374,.T.);
#1054=EDGE_CURVE('',#853,#804,#375,.T.);
#1055=EDGE_CURVE('',#854,#853,#376,.T.);
#1056=EDGE_CURVE('',#854,#855,#377,.T.);
#1057=EDGE_CURVE('',#810,#855,#378,.T.);
#1058=EDGE_CURVE('',#856,#857,#379,.T.);
#1059=EDGE_CURVE('',#856,#858,#380,.T.);
#1060=EDGE_CURVE('',#859,#858,#381,.T.);
#1061=EDGE_CURVE('',#857,#859,#382,.T.);
#1062=EDGE_CURVE('',#855,#859,#383,.T.);
#1063=EDGE_CURVE('',#858,#812,#384,.T.);
#1064=EDGE_CURVE('',#860,#788,#385,.T.);
#1065=EDGE_CURVE('',#861,#860,#386,.T.);
#1066=EDGE_CURVE('',#862,#861,#387,.T.);
#1067=EDGE_CURVE('',#862,#783,#388,.T.);
#1068=EDGE_CURVE('',#863,#864,#389,.T.);
#1069=EDGE_CURVE('',#863,#865,#390,.T.);
#1070=EDGE_CURVE('',#866,#865,#391,.T.);
#1071=EDGE_CURVE('',#864,#866,#392,.T.);
#1072=EDGE_CURVE('',#792,#866,#393,.T.);
#1073=EDGE_CURVE('',#865,#860,#394,.T.);
#1074=EDGE_CURVE('',#867,#794,#395,.T.);
#1075=EDGE_CURVE('',#868,#867,#396,.T.);
#1076=EDGE_CURVE('',#868,#869,#397,.T.);
#1077=EDGE_CURVE('',#800,#869,#398,.T.);
#1078=EDGE_CURVE('',#870,#871,#399,.T.);
#1079=EDGE_CURVE('',#870,#872,#400,.T.);
#1080=EDGE_CURVE('',#873,#872,#401,.T.);
#1081=EDGE_CURVE('',#871,#873,#402,.T.);
#1082=EDGE_CURVE('',#869,#873,#403,.T.);
#1083=EDGE_CURVE('',#872,#802,#404,.T.);
#1084=EDGE_CURVE('',#874,#875,#405,.T.);
#1085=EDGE_CURVE('',#874,#876,#406,.T.);
#1086=EDGE_CURVE('',#877,#876,#407,.T.);
#1087=EDGE_CURVE('',#875,#877,#408,.T.);
#1088=EDGE_CURVE('',#878,#814,#409,.T.);
#1089=EDGE_CURVE('',#879,#878,#410,.T.);
#1090=EDGE_CURVE('',#879,#813,#411,.T.);
#1091=EDGE_CURVE('',#876,#818,#412,.T.);
#1092=EDGE_CURVE('',#877,#817,#413,.T.);
#1093=EDGE_CURVE('',#880,#832,#414,.T.);
#1094=EDGE_CURVE('',#881,#880,#415,.T.);
#1095=EDGE_CURVE('',#881,#831,#416,.T.);
#1096=EDGE_CURVE('',#882,#883,#417,.T.);
#1097=EDGE_CURVE('',#882,#884,#418,.T.);
#1098=EDGE_CURVE('',#885,#884,#419,.T.);
#1099=EDGE_CURVE('',#883,#885,#420,.T.);
#1100=EDGE_CURVE('',#885,#836,#421,.T.);
#1101=EDGE_CURVE('',#884,#835,#422,.T.);
#1102=EDGE_CURVE('',#840,#863,#423,.T.);
#1103=EDGE_CURVE('',#861,#838,#424,.T.);
#1104=EDGE_CURVE('',#864,#839,#425,.T.);
#1105=EDGE_CURVE('',#837,#862,#426,.T.);
#1106=EDGE_CURVE('',#850,#874,#427,.T.);
#1107=EDGE_CURVE('',#878,#782,#428,.T.);
#1108=EDGE_CURVE('',#875,#849,#429,.T.);
#1109=EDGE_CURVE('',#781,#879,#430,.T.);
#1110=EDGE_CURVE('',#883,#856,#431,.T.);
#1111=EDGE_CURVE('',#853,#881,#432,.T.);
#1112=EDGE_CURVE('',#857,#882,#433,.T.);
#1113=EDGE_CURVE('',#880,#854,#434,.T.);
#1114=EDGE_CURVE('',#846,#870,#435,.T.);
#1115=EDGE_CURVE('',#867,#844,#436,.T.);
#1116=EDGE_CURVE('',#871,#845,#437,.T.);
#1117=EDGE_CURVE('',#843,#868,#438,.T.);
#1118=EDGE_CURVE('',#886,#886,#33,.T.);
#1119=EDGE_CURVE('',#886,#887,#439,.T.);
#1120=EDGE_CURVE('',#887,#887,#34,.T.);
#1121=EDGE_CURVE('',#888,#888,#35,.T.);
#1122=EDGE_CURVE('',#888,#889,#440,.T.);
#1123=EDGE_CURVE('',#889,#889,#36,.T.);
#1124=EDGE_CURVE('',#890,#891,#441,.T.);
#1125=EDGE_CURVE('',#891,#892,#442,.T.);
#1126=EDGE_CURVE('',#892,#893,#443,.T.);
#1127=EDGE_CURVE('',#893,#890,#444,.T.);
#1128=EDGE_CURVE('',#894,#894,#37,.T.);
#1129=EDGE_CURVE('',#895,#895,#38,.T.);
#1130=EDGE_CURVE('',#896,#896,#39,.T.);
#1131=EDGE_CURVE('',#897,#897,#40,.T.);
#1132=EDGE_CURVE('',#898,#899,#445,.T.);
#1133=EDGE_CURVE('',#900,#898,#446,.T.);
#1134=EDGE_CURVE('',#901,#900,#447,.T.);
#1135=EDGE_CURVE('',#899,#901,#448,.T.);
#1136=EDGE_CURVE('',#902,#903,#449,.T.);
#1137=EDGE_CURVE('',#904,#902,#450,.T.);
#1138=EDGE_CURVE('',#905,#904,#451,.T.);
#1139=EDGE_CURVE('',#903,#905,#452,.T.);
#1140=EDGE_CURVE('',#906,#900,#453,.T.);
#1141=EDGE_CURVE('',#907,#906,#454,.T.);
#1142=EDGE_CURVE('',#907,#901,#455,.T.);
#1143=EDGE_CURVE('',#898,#908,#456,.T.);
#1144=EDGE_CURVE('',#908,#909,#457,.T.);
#1145=EDGE_CURVE('',#910,#909,#458,.T.);
#1146=EDGE_CURVE('',#906,#910,#459,.T.);
#1147=EDGE_CURVE('',#911,#905,#460,.T.);
#1148=EDGE_CURVE('',#912,#911,#461,.T.);
#1149=EDGE_CURVE('',#912,#913,#462,.T.);
#1150=EDGE_CURVE('',#913,#914,#463,.T.);
#1151=EDGE_CURVE('',#914,#903,#464,.T.);
#1152=EDGE_CURVE('',#915,#904,#465,.T.);
#1153=EDGE_CURVE('',#911,#915,#466,.T.);
#1154=EDGE_CURVE('',#916,#917,#467,.T.);
#1155=EDGE_CURVE('',#916,#914,#468,.T.);
#1156=EDGE_CURVE('',#917,#913,#469,.T.);
#1157=EDGE_CURVE('',#918,#917,#470,.T.);
#1158=EDGE_CURVE('',#919,#918,#471,.T.);
#1159=EDGE_CURVE('',#919,#916,#472,.T.);
#1160=EDGE_CURVE('',#920,#921,#473,.T.);
#1161=EDGE_CURVE('',#909,#920,#474,.T.);
#1162=EDGE_CURVE('',#921,#908,#475,.T.);
#1163=EDGE_CURVE('',#922,#923,#476,.T.);
#1164=EDGE_CURVE('',#922,#924,#477,.T.);
#1165=EDGE_CURVE('',#925,#924,#478,.T.);
#1166=EDGE_CURVE('',#923,#925,#479,.T.);
#1167=EDGE_CURVE('',#923,#926,#480,.T.);
#1168=EDGE_CURVE('',#927,#925,#481,.T.);
#1169=EDGE_CURVE('',#926,#927,#482,.T.);
#1170=EDGE_CURVE('',#926,#928,#483,.T.);
#1171=EDGE_CURVE('',#929,#927,#484,.T.);
#1172=EDGE_CURVE('',#928,#929,#485,.T.);
#1173=EDGE_CURVE('',#928,#922,#486,.T.);
#1174=EDGE_CURVE('',#924,#929,#487,.T.);
#1175=EDGE_CURVE('',#918,#912,#488,.T.);
#1176=EDGE_CURVE('',#930,#902,#489,.T.);
#1177=EDGE_CURVE('',#915,#930,#490,.T.);
#1178=EDGE_CURVE('',#930,#919,#491,.T.);
#1179=EDGE_CURVE('',#931,#932,#492,.T.);
#1180=EDGE_CURVE('',#931,#933,#493,.T.);
#1181=EDGE_CURVE('',#934,#933,#494,.T.);
#1182=EDGE_CURVE('',#932,#934,#495,.T.);
#1183=EDGE_CURVE('',#932,#935,#496,.T.);
#1184=EDGE_CURVE('',#936,#934,#497,.T.);
#1185=EDGE_CURVE('',#935,#936,#498,.T.);
#1186=EDGE_CURVE('',#935,#937,#499,.T.);
#1187=EDGE_CURVE('',#938,#936,#500,.T.);
#1188=EDGE_CURVE('',#937,#938,#501,.T.);
#1189=EDGE_CURVE('',#937,#931,#502,.T.);
#1190=EDGE_CURVE('',#933,#938,#503,.T.);
#1191=EDGE_CURVE('',#939,#899,#504,.T.);
#1192=EDGE_CURVE('',#940,#939,#505,.T.);
#1193=EDGE_CURVE('',#940,#921,#506,.T.);
#1194=EDGE_CURVE('',#939,#907,#507,.T.);
#1195=EDGE_CURVE('',#941,#920,#508,.T.);
#1196=EDGE_CURVE('',#910,#941,#509,.T.);
#1197=EDGE_CURVE('',#941,#940,#510,.T.);
#1198=EDGE_CURVE('',#942,#942,#41,.T.);
#1199=EDGE_CURVE('',#942,#897,#511,.T.);
#1200=EDGE_CURVE('',#943,#943,#42,.T.);
#1201=EDGE_CURVE('',#943,#896,#512,.T.);
#1202=EDGE_CURVE('',#944,#944,#43,.T.);
#1203=EDGE_CURVE('',#944,#895,#513,.T.);
#1204=EDGE_CURVE('',#945,#945,#44,.T.);
#1205=EDGE_CURVE('',#945,#894,#514,.T.);
#1206=EDGE_CURVE('',#946,#891,#515,.T.);
#1207=EDGE_CURVE('',#947,#946,#516,.T.);
#1208=EDGE_CURVE('',#892,#947,#517,.T.);
#1209=EDGE_CURVE('',#948,#947,#518,.T.);
#1210=EDGE_CURVE('',#893,#948,#519,.T.);
#1211=EDGE_CURVE('',#949,#948,#520,.T.);
#1212=EDGE_CURVE('',#890,#949,#521,.T.);
#1213=EDGE_CURVE('',#946,#949,#522,.T.);
#1214=ORIENTED_EDGE('',*,*,#950,.F.);
#1215=ORIENTED_EDGE('',*,*,#951,.T.);
#1216=ORIENTED_EDGE('',*,*,#952,.F.);
#1217=ORIENTED_EDGE('',*,*,#953,.F.);
#1218=ORIENTED_EDGE('',*,*,#952,.T.);
#1219=ORIENTED_EDGE('',*,*,#954,.T.);
#1220=ORIENTED_EDGE('',*,*,#955,.T.);
#1221=ORIENTED_EDGE('',*,*,#956,.T.);
#1222=ORIENTED_EDGE('',*,*,#950,.T.);
#1223=ORIENTED_EDGE('',*,*,#957,.F.);
#1224=ORIENTED_EDGE('',*,*,#958,.F.);
#1225=ORIENTED_EDGE('',*,*,#959,.T.);
#1226=ORIENTED_EDGE('',*,*,#960,.F.);
#1227=ORIENTED_EDGE('',*,*,#961,.T.);
#1228=ORIENTED_EDGE('',*,*,#962,.T.);
#1229=ORIENTED_EDGE('',*,*,#963,.F.);
#1230=ORIENTED_EDGE('',*,*,#964,.F.);
#1231=ORIENTED_EDGE('',*,*,#965,.F.);
#1232=ORIENTED_EDGE('',*,*,#964,.T.);
#1233=ORIENTED_EDGE('',*,*,#966,.F.);
#1234=ORIENTED_EDGE('',*,*,#967,.F.);
#1235=ORIENTED_EDGE('',*,*,#968,.T.);
#1236=ORIENTED_EDGE('',*,*,#969,.T.);
#1237=ORIENTED_EDGE('',*,*,#970,.F.);
#1238=ORIENTED_EDGE('',*,*,#962,.F.);
#1239=ORIENTED_EDGE('',*,*,#970,.T.);
#1240=ORIENTED_EDGE('',*,*,#971,.T.);
#1241=ORIENTED_EDGE('',*,*,#966,.T.);
#1242=ORIENTED_EDGE('',*,*,#963,.T.);
#1243=ORIENTED_EDGE('',*,*,#972,.T.);
#1244=ORIENTED_EDGE('',*,*,#973,.F.);
#1245=ORIENTED_EDGE('',*,*,#968,.F.);
#1246=ORIENTED_EDGE('',*,*,#961,.F.);
#1247=ORIENTED_EDGE('',*,*,#974,.T.);
#1248=ORIENTED_EDGE('',*,*,#975,.F.);
#1249=ORIENTED_EDGE('',*,*,#976,.T.);
#1250=ORIENTED_EDGE('',*,*,#977,.F.);
#1251=ORIENTED_EDGE('',*,*,#978,.F.);
#1252=ORIENTED_EDGE('',*,*,#979,.T.);
#1253=ORIENTED_EDGE('',*,*,#978,.T.);
#1254=ORIENTED_EDGE('',*,*,#980,.F.);
#1255=ORIENTED_EDGE('',*,*,#981,.F.);
#1256=ORIENTED_EDGE('',*,*,#982,.F.);
#1257=ORIENTED_EDGE('',*,*,#983,.T.);
#1258=ORIENTED_EDGE('',*,*,#984,.F.);
#1259=ORIENTED_EDGE('',*,*,#976,.F.);
#1260=ORIENTED_EDGE('',*,*,#984,.T.);
#1261=ORIENTED_EDGE('',*,*,#985,.T.);
#1262=ORIENTED_EDGE('',*,*,#980,.T.);
#1263=ORIENTED_EDGE('',*,*,#977,.T.);
#1264=ORIENTED_EDGE('',*,*,#986,.F.);
#1265=ORIENTED_EDGE('',*,*,#974,.F.);
#1266=ORIENTED_EDGE('',*,*,#979,.F.);
#1267=ORIENTED_EDGE('',*,*,#987,.F.);
#1268=ORIENTED_EDGE('',*,*,#988,.T.);
#1269=ORIENTED_EDGE('',*,*,#989,.F.);
#1270=ORIENTED_EDGE('',*,*,#990,.T.);
#1271=ORIENTED_EDGE('',*,*,#991,.F.);
#1272=ORIENTED_EDGE('',*,*,#992,.F.);
#1273=ORIENTED_EDGE('',*,*,#993,.T.);
#1274=ORIENTED_EDGE('',*,*,#992,.T.);
#1275=ORIENTED_EDGE('',*,*,#994,.F.);
#1276=ORIENTED_EDGE('',*,*,#995,.F.);
#1277=ORIENTED_EDGE('',*,*,#996,.F.);
#1278=ORIENTED_EDGE('',*,*,#997,.T.);
#1279=ORIENTED_EDGE('',*,*,#998,.F.);
#1280=ORIENTED_EDGE('',*,*,#990,.F.);
#1281=ORIENTED_EDGE('',*,*,#998,.T.);
#1282=ORIENTED_EDGE('',*,*,#999,.T.);
#1283=ORIENTED_EDGE('',*,*,#994,.T.);
#1284=ORIENTED_EDGE('',*,*,#991,.T.);
#1285=ORIENTED_EDGE('',*,*,#1000,.F.);
#1286=ORIENTED_EDGE('',*,*,#988,.F.);
#1287=ORIENTED_EDGE('',*,*,#993,.F.);
#1288=ORIENTED_EDGE('',*,*,#1001,.F.);
#1289=ORIENTED_EDGE('',*,*,#1002,.F.);
#1290=ORIENTED_EDGE('',*,*,#1003,.T.);
#1291=ORIENTED_EDGE('',*,*,#1004,.F.);
#1292=ORIENTED_EDGE('',*,*,#1005,.F.);
#1293=ORIENTED_EDGE('',*,*,#1006,.T.);
#1294=ORIENTED_EDGE('',*,*,#1007,.T.);
#1295=ORIENTED_EDGE('',*,*,#1008,.T.);
#1296=ORIENTED_EDGE('',*,*,#1004,.T.);
#1297=ORIENTED_EDGE('',*,*,#1009,.F.);
#1298=ORIENTED_EDGE('',*,*,#1010,.T.);
#1299=ORIENTED_EDGE('',*,*,#1011,.F.);
#1300=ORIENTED_EDGE('',*,*,#1012,.F.);
#1301=ORIENTED_EDGE('',*,*,#1013,.T.);
#1302=ORIENTED_EDGE('',*,*,#1011,.T.);
#1303=ORIENTED_EDGE('',*,*,#1014,.T.);
#1304=ORIENTED_EDGE('',*,*,#1015,.T.);
#1305=ORIENTED_EDGE('',*,*,#1016,.F.);
#1306=ORIENTED_EDGE('',*,*,#1017,.T.);
#1307=ORIENTED_EDGE('',*,*,#1018,.F.);
#1308=ORIENTED_EDGE('',*,*,#1019,.F.);
#1309=ORIENTED_EDGE('',*,*,#1020,.T.);
#1310=ORIENTED_EDGE('',*,*,#1018,.T.);
#1311=ORIENTED_EDGE('',*,*,#1021,.T.);
#1312=ORIENTED_EDGE('',*,*,#1022,.T.);
#1313=ORIENTED_EDGE('',*,*,#1023,.F.);
#1314=ORIENTED_EDGE('',*,*,#1024,.T.);
#1315=ORIENTED_EDGE('',*,*,#1025,.F.);
#1316=ORIENTED_EDGE('',*,*,#1026,.F.);
#1317=ORIENTED_EDGE('',*,*,#1027,.T.);
#1318=ORIENTED_EDGE('',*,*,#1025,.T.);
#1319=ORIENTED_EDGE('',*,*,#1028,.T.);
#1320=ORIENTED_EDGE('',*,*,#1029,.T.);
#1321=ORIENTED_EDGE('',*,*,#1009,.T.);
#1322=ORIENTED_EDGE('',*,*,#1030,.F.);
#1323=ORIENTED_EDGE('',*,*,#1031,.F.);
#1324=ORIENTED_EDGE('',*,*,#1032,.T.);
#1325=ORIENTED_EDGE('',*,*,#1033,.F.);
#1326=ORIENTED_EDGE('',*,*,#1034,.T.);
#1327=ORIENTED_EDGE('',*,*,#1035,.F.);
#1328=ORIENTED_EDGE('',*,*,#1036,.F.);
#1329=ORIENTED_EDGE('',*,*,#1037,.F.);
#1330=ORIENTED_EDGE('',*,*,#1035,.T.);
#1331=ORIENTED_EDGE('',*,*,#1038,.T.);
#1332=ORIENTED_EDGE('',*,*,#1015,.F.);
#1333=ORIENTED_EDGE('',*,*,#1016,.T.);
#1334=ORIENTED_EDGE('',*,*,#1039,.F.);
#1335=ORIENTED_EDGE('',*,*,#1040,.F.);
#1336=ORIENTED_EDGE('',*,*,#1041,.T.);
#1337=ORIENTED_EDGE('',*,*,#1042,.F.);
#1338=ORIENTED_EDGE('',*,*,#1043,.T.);
#1339=ORIENTED_EDGE('',*,*,#1044,.F.);
#1340=ORIENTED_EDGE('',*,*,#1045,.F.);
#1341=ORIENTED_EDGE('',*,*,#1046,.F.);
#1342=ORIENTED_EDGE('',*,*,#1044,.T.);
#1343=ORIENTED_EDGE('',*,*,#1047,.T.);
#1344=ORIENTED_EDGE('',*,*,#1022,.F.);
#1345=ORIENTED_EDGE('',*,*,#1048,.F.);
#1346=ORIENTED_EDGE('',*,*,#1049,.T.);
#1347=ORIENTED_EDGE('',*,*,#1050,.F.);
#1348=ORIENTED_EDGE('',*,*,#1051,.F.);
#1349=ORIENTED_EDGE('',*,*,#1052,.F.);
#1350=ORIENTED_EDGE('',*,*,#1050,.T.);
#1351=ORIENTED_EDGE('',*,*,#1053,.T.);
#1352=ORIENTED_EDGE('',*,*,#955,.F.);
#1353=ORIENTED_EDGE('',*,*,#989,.T.);
#1354=ORIENTED_EDGE('',*,*,#1054,.F.);
#1355=ORIENTED_EDGE('',*,*,#1055,.F.);
#1356=ORIENTED_EDGE('',*,*,#1056,.T.);
#1357=ORIENTED_EDGE('',*,*,#1057,.F.);
#1358=ORIENTED_EDGE('',*,*,#996,.T.);
#1359=ORIENTED_EDGE('',*,*,#1058,.F.);
#1360=ORIENTED_EDGE('',*,*,#1059,.T.);
#1361=ORIENTED_EDGE('',*,*,#1060,.F.);
#1362=ORIENTED_EDGE('',*,*,#1061,.F.);
#1363=ORIENTED_EDGE('',*,*,#1062,.T.);
#1364=ORIENTED_EDGE('',*,*,#1060,.T.);
#1365=ORIENTED_EDGE('',*,*,#1063,.T.);
#1366=ORIENTED_EDGE('',*,*,#1001,.T.);
#1367=ORIENTED_EDGE('',*,*,#995,.T.);
#1368=ORIENTED_EDGE('',*,*,#999,.F.);
#1369=ORIENTED_EDGE('',*,*,#997,.F.);
#1370=ORIENTED_EDGE('',*,*,#1057,.T.);
#1371=ORIENTED_EDGE('',*,*,#965,.T.);
#1372=ORIENTED_EDGE('',*,*,#1064,.F.);
#1373=ORIENTED_EDGE('',*,*,#1065,.F.);
#1374=ORIENTED_EDGE('',*,*,#1066,.F.);
#1375=ORIENTED_EDGE('',*,*,#1067,.T.);
#1376=ORIENTED_EDGE('',*,*,#960,.T.);
#1377=ORIENTED_EDGE('',*,*,#1068,.F.);
#1378=ORIENTED_EDGE('',*,*,#1069,.T.);
#1379=ORIENTED_EDGE('',*,*,#1070,.F.);
#1380=ORIENTED_EDGE('',*,*,#1071,.F.);
#1381=ORIENTED_EDGE('',*,*,#1072,.T.);
#1382=ORIENTED_EDGE('',*,*,#1070,.T.);
#1383=ORIENTED_EDGE('',*,*,#1073,.T.);
#1384=ORIENTED_EDGE('',*,*,#1064,.T.);
#1385=ORIENTED_EDGE('',*,*,#967,.T.);
#1386=ORIENTED_EDGE('',*,*,#971,.F.);
#1387=ORIENTED_EDGE('',*,*,#969,.F.);
#1388=ORIENTED_EDGE('',*,*,#973,.T.);
#1389=ORIENTED_EDGE('',*,*,#975,.T.);
#1390=ORIENTED_EDGE('',*,*,#1074,.F.);
#1391=ORIENTED_EDGE('',*,*,#1075,.F.);
#1392=ORIENTED_EDGE('',*,*,#1076,.T.);
#1393=ORIENTED_EDGE('',*,*,#1077,.F.);
#1394=ORIENTED_EDGE('',*,*,#982,.T.);
#1395=ORIENTED_EDGE('',*,*,#1078,.F.);
#1396=ORIENTED_EDGE('',*,*,#1079,.T.);
#1397=ORIENTED_EDGE('',*,*,#1080,.F.);
#1398=ORIENTED_EDGE('',*,*,#1081,.F.);
#1399=ORIENTED_EDGE('',*,*,#1082,.T.);
#1400=ORIENTED_EDGE('',*,*,#1080,.T.);
#1401=ORIENTED_EDGE('',*,*,#1083,.T.);
#1402=ORIENTED_EDGE('',*,*,#987,.T.);
#1403=ORIENTED_EDGE('',*,*,#981,.T.);
#1404=ORIENTED_EDGE('',*,*,#985,.F.);
#1405=ORIENTED_EDGE('',*,*,#983,.F.);
#1406=ORIENTED_EDGE('',*,*,#1077,.T.);
#1407=ORIENTED_EDGE('',*,*,#1084,.F.);
#1408=ORIENTED_EDGE('',*,*,#1085,.T.);
#1409=ORIENTED_EDGE('',*,*,#1086,.F.);
#1410=ORIENTED_EDGE('',*,*,#1087,.F.);
#1411=ORIENTED_EDGE('',*,*,#1002,.T.);
#1412=ORIENTED_EDGE('',*,*,#1088,.F.);
#1413=ORIENTED_EDGE('',*,*,#1089,.F.);
#1414=ORIENTED_EDGE('',*,*,#1090,.T.);
#1415=ORIENTED_EDGE('',*,*,#1091,.T.);
#1416=ORIENTED_EDGE('',*,*,#1007,.F.);
#1417=ORIENTED_EDGE('',*,*,#1092,.F.);
#1418=ORIENTED_EDGE('',*,*,#1086,.T.);
#1419=ORIENTED_EDGE('',*,*,#1023,.T.);
#1420=ORIENTED_EDGE('',*,*,#1093,.F.);
#1421=ORIENTED_EDGE('',*,*,#1094,.F.);
#1422=ORIENTED_EDGE('',*,*,#1095,.T.);
#1423=ORIENTED_EDGE('',*,*,#1096,.F.);
#1424=ORIENTED_EDGE('',*,*,#1097,.T.);
#1425=ORIENTED_EDGE('',*,*,#1098,.F.);
#1426=ORIENTED_EDGE('',*,*,#1099,.F.);
#1427=ORIENTED_EDGE('',*,*,#1100,.F.);
#1428=ORIENTED_EDGE('',*,*,#1098,.T.);
#1429=ORIENTED_EDGE('',*,*,#1101,.T.);
#1430=ORIENTED_EDGE('',*,*,#1029,.F.);
#1431=ORIENTED_EDGE('',*,*,#1102,.F.);
#1432=ORIENTED_EDGE('',*,*,#1036,.T.);
#1433=ORIENTED_EDGE('',*,*,#1037,.T.);
#1434=ORIENTED_EDGE('',*,*,#1014,.F.);
#1435=ORIENTED_EDGE('',*,*,#1010,.F.);
#1436=ORIENTED_EDGE('',*,*,#1032,.F.);
#1437=ORIENTED_EDGE('',*,*,#1103,.F.);
#1438=ORIENTED_EDGE('',*,*,#1065,.T.);
#1439=ORIENTED_EDGE('',*,*,#1073,.F.);
#1440=ORIENTED_EDGE('',*,*,#1069,.F.);
#1441=ORIENTED_EDGE('',*,*,#1104,.F.);
#1442=ORIENTED_EDGE('',*,*,#1071,.T.);
#1443=ORIENTED_EDGE('',*,*,#1072,.F.);
#1444=ORIENTED_EDGE('',*,*,#972,.F.);
#1445=ORIENTED_EDGE('',*,*,#1067,.F.);
#1446=ORIENTED_EDGE('',*,*,#1105,.F.);
#1447=ORIENTED_EDGE('',*,*,#1030,.T.);
#1448=ORIENTED_EDGE('',*,*,#1012,.T.);
#1449=ORIENTED_EDGE('',*,*,#1013,.F.);
#1450=ORIENTED_EDGE('',*,*,#1038,.F.);
#1451=ORIENTED_EDGE('',*,*,#1034,.F.);
#1452=ORIENTED_EDGE('',*,*,#1105,.T.);
#1453=ORIENTED_EDGE('',*,*,#1066,.T.);
#1454=ORIENTED_EDGE('',*,*,#1103,.T.);
#1455=ORIENTED_EDGE('',*,*,#1031,.T.);
#1456=ORIENTED_EDGE('',*,*,#1106,.F.);
#1457=ORIENTED_EDGE('',*,*,#1051,.T.);
#1458=ORIENTED_EDGE('',*,*,#1052,.T.);
#1459=ORIENTED_EDGE('',*,*,#954,.F.);
#1460=ORIENTED_EDGE('',*,*,#951,.F.);
#1461=ORIENTED_EDGE('',*,*,#959,.F.);
#1462=ORIENTED_EDGE('',*,*,#1107,.F.);
#1463=ORIENTED_EDGE('',*,*,#1088,.T.);
#1464=ORIENTED_EDGE('',*,*,#1005,.T.);
#1465=ORIENTED_EDGE('',*,*,#1008,.F.);
#1466=ORIENTED_EDGE('',*,*,#1091,.F.);
#1467=ORIENTED_EDGE('',*,*,#1085,.F.);
#1468=ORIENTED_EDGE('',*,*,#1108,.F.);
#1469=ORIENTED_EDGE('',*,*,#1087,.T.);
#1470=ORIENTED_EDGE('',*,*,#1092,.T.);
#1471=ORIENTED_EDGE('',*,*,#1006,.F.);
#1472=ORIENTED_EDGE('',*,*,#1003,.F.);
#1473=ORIENTED_EDGE('',*,*,#1090,.F.);
#1474=ORIENTED_EDGE('',*,*,#1109,.F.);
#1475=ORIENTED_EDGE('',*,*,#957,.T.);
#1476=ORIENTED_EDGE('',*,*,#953,.T.);
#1477=ORIENTED_EDGE('',*,*,#956,.F.);
#1478=ORIENTED_EDGE('',*,*,#1053,.F.);
#1479=ORIENTED_EDGE('',*,*,#1049,.F.);
#1480=ORIENTED_EDGE('',*,*,#1109,.T.);
#1481=ORIENTED_EDGE('',*,*,#1089,.T.);
#1482=ORIENTED_EDGE('',*,*,#1107,.T.);
#1483=ORIENTED_EDGE('',*,*,#958,.T.);
#1484=ORIENTED_EDGE('',*,*,#1110,.F.);
#1485=ORIENTED_EDGE('',*,*,#1099,.T.);
#1486=ORIENTED_EDGE('',*,*,#1100,.T.);
#1487=ORIENTED_EDGE('',*,*,#1028,.F.);
#1488=ORIENTED_EDGE('',*,*,#1024,.F.);
#1489=ORIENTED_EDGE('',*,*,#1095,.F.);
#1490=ORIENTED_EDGE('',*,*,#1111,.F.);
#1491=ORIENTED_EDGE('',*,*,#1054,.T.);
#1492=ORIENTED_EDGE('',*,*,#1000,.T.);
#1493=ORIENTED_EDGE('',*,*,#1063,.F.);
#1494=ORIENTED_EDGE('',*,*,#1059,.F.);
#1495=ORIENTED_EDGE('',*,*,#1112,.F.);
#1496=ORIENTED_EDGE('',*,*,#1061,.T.);
#1497=ORIENTED_EDGE('',*,*,#1062,.F.);
#1498=ORIENTED_EDGE('',*,*,#1056,.F.);
#1499=ORIENTED_EDGE('',*,*,#1113,.F.);
#1500=ORIENTED_EDGE('',*,*,#1093,.T.);
#1501=ORIENTED_EDGE('',*,*,#1026,.T.);
#1502=ORIENTED_EDGE('',*,*,#1027,.F.);
#1503=ORIENTED_EDGE('',*,*,#1101,.F.);
#1504=ORIENTED_EDGE('',*,*,#1097,.F.);
#1505=ORIENTED_EDGE('',*,*,#1113,.T.);
#1506=ORIENTED_EDGE('',*,*,#1055,.T.);
#1507=ORIENTED_EDGE('',*,*,#1111,.T.);
#1508=ORIENTED_EDGE('',*,*,#1094,.T.);
#1509=ORIENTED_EDGE('',*,*,#1114,.F.);
#1510=ORIENTED_EDGE('',*,*,#1045,.T.);
#1511=ORIENTED_EDGE('',*,*,#1046,.T.);
#1512=ORIENTED_EDGE('',*,*,#1021,.F.);
#1513=ORIENTED_EDGE('',*,*,#1017,.F.);
#1514=ORIENTED_EDGE('',*,*,#1041,.F.);
#1515=ORIENTED_EDGE('',*,*,#1115,.F.);
#1516=ORIENTED_EDGE('',*,*,#1074,.T.);
#1517=ORIENTED_EDGE('',*,*,#986,.T.);
#1518=ORIENTED_EDGE('',*,*,#1083,.F.);
#1519=ORIENTED_EDGE('',*,*,#1079,.F.);
#1520=ORIENTED_EDGE('',*,*,#1116,.F.);
#1521=ORIENTED_EDGE('',*,*,#1081,.T.);
#1522=ORIENTED_EDGE('',*,*,#1082,.F.);
#1523=ORIENTED_EDGE('',*,*,#1076,.F.);
#1524=ORIENTED_EDGE('',*,*,#1117,.F.);
#1525=ORIENTED_EDGE('',*,*,#1039,.T.);
#1526=ORIENTED_EDGE('',*,*,#1019,.T.);
#1527=ORIENTED_EDGE('',*,*,#1020,.F.);
#1528=ORIENTED_EDGE('',*,*,#1047,.F.);
#1529=ORIENTED_EDGE('',*,*,#1043,.F.);
#1530=ORIENTED_EDGE('',*,*,#1117,.T.);
#1531=ORIENTED_EDGE('',*,*,#1075,.T.);
#1532=ORIENTED_EDGE('',*,*,#1115,.T.);
#1533=ORIENTED_EDGE('',*,*,#1040,.T.);
#1534=ORIENTED_EDGE('',*,*,#1118,.F.);
#1535=ORIENTED_EDGE('',*,*,#1119,.T.);
#1536=ORIENTED_EDGE('',*,*,#1120,.T.);
#1537=ORIENTED_EDGE('',*,*,#1119,.F.);
#1538=ORIENTED_EDGE('',*,*,#1120,.F.);
#1539=ORIENTED_EDGE('',*,*,#1121,.F.);
#1540=ORIENTED_EDGE('',*,*,#1122,.T.);
#1541=ORIENTED_EDGE('',*,*,#1123,.T.);
#1542=ORIENTED_EDGE('',*,*,#1122,.F.);
#1543=ORIENTED_EDGE('',*,*,#1123,.F.);
#1544=ORIENTED_EDGE('',*,*,#1124,.T.);
#1545=ORIENTED_EDGE('',*,*,#1125,.T.);
#1546=ORIENTED_EDGE('',*,*,#1126,.T.);
#1547=ORIENTED_EDGE('',*,*,#1127,.T.);
#1548=ORIENTED_EDGE('',*,*,#1128,.T.);
#1549=ORIENTED_EDGE('',*,*,#1129,.T.);
#1550=ORIENTED_EDGE('',*,*,#1130,.T.);
#1551=ORIENTED_EDGE('',*,*,#1131,.T.);
#1552=ORIENTED_EDGE('',*,*,#1132,.F.);
#1553=ORIENTED_EDGE('',*,*,#1133,.F.);
#1554=ORIENTED_EDGE('',*,*,#1134,.F.);
#1555=ORIENTED_EDGE('',*,*,#1135,.F.);
#1556=ORIENTED_EDGE('',*,*,#1136,.F.);
#1557=ORIENTED_EDGE('',*,*,#1137,.F.);
#1558=ORIENTED_EDGE('',*,*,#1138,.F.);
#1559=ORIENTED_EDGE('',*,*,#1139,.F.);
#1560=ORIENTED_EDGE('',*,*,#1134,.T.);
#1561=ORIENTED_EDGE('',*,*,#1140,.F.);
#1562=ORIENTED_EDGE('',*,*,#1141,.F.);
#1563=ORIENTED_EDGE('',*,*,#1142,.T.);
#1564=ORIENTED_EDGE('',*,*,#1133,.T.);
#1565=ORIENTED_EDGE('',*,*,#1143,.T.);
#1566=ORIENTED_EDGE('',*,*,#1144,.T.);
#1567=ORIENTED_EDGE('',*,*,#1145,.F.);
#1568=ORIENTED_EDGE('',*,*,#1146,.F.);
#1569=ORIENTED_EDGE('',*,*,#1140,.T.);
#1570=ORIENTED_EDGE('',*,*,#1139,.T.);
#1571=ORIENTED_EDGE('',*,*,#1147,.F.);
#1572=ORIENTED_EDGE('',*,*,#1148,.F.);
#1573=ORIENTED_EDGE('',*,*,#1149,.T.);
#1574=ORIENTED_EDGE('',*,*,#1150,.T.);
#1575=ORIENTED_EDGE('',*,*,#1151,.T.);
#1576=ORIENTED_EDGE('',*,*,#1138,.T.);
#1577=ORIENTED_EDGE('',*,*,#1152,.F.);
#1578=ORIENTED_EDGE('',*,*,#1153,.F.);
#1579=ORIENTED_EDGE('',*,*,#1147,.T.);
#1580=ORIENTED_EDGE('',*,*,#1154,.F.);
#1581=ORIENTED_EDGE('',*,*,#1155,.T.);
#1582=ORIENTED_EDGE('',*,*,#1150,.F.);
#1583=ORIENTED_EDGE('',*,*,#1156,.F.);
#1584=ORIENTED_EDGE('',*,*,#1154,.T.);
#1585=ORIENTED_EDGE('',*,*,#1157,.F.);
#1586=ORIENTED_EDGE('',*,*,#1158,.F.);
#1587=ORIENTED_EDGE('',*,*,#1159,.T.);
#1588=ORIENTED_EDGE('',*,*,#1160,.F.);
#1589=ORIENTED_EDGE('',*,*,#1161,.F.);
#1590=ORIENTED_EDGE('',*,*,#1144,.F.);
#1591=ORIENTED_EDGE('',*,*,#1162,.F.);
#1592=ORIENTED_EDGE('',*,*,#1163,.F.);
#1593=ORIENTED_EDGE('',*,*,#1164,.T.);
#1594=ORIENTED_EDGE('',*,*,#1165,.F.);
#1595=ORIENTED_EDGE('',*,*,#1166,.F.);
#1596=ORIENTED_EDGE('',*,*,#1167,.F.);
#1597=ORIENTED_EDGE('',*,*,#1166,.T.);
#1598=ORIENTED_EDGE('',*,*,#1168,.F.);
#1599=ORIENTED_EDGE('',*,*,#1169,.F.);
#1600=ORIENTED_EDGE('',*,*,#1170,.F.);
#1601=ORIENTED_EDGE('',*,*,#1169,.T.);
#1602=ORIENTED_EDGE('',*,*,#1171,.F.);
#1603=ORIENTED_EDGE('',*,*,#1172,.F.);
#1604=ORIENTED_EDGE('',*,*,#1173,.F.);
#1605=ORIENTED_EDGE('',*,*,#1172,.T.);
#1606=ORIENTED_EDGE('',*,*,#1174,.F.);
#1607=ORIENTED_EDGE('',*,*,#1164,.F.);
#1608=ORIENTED_EDGE('',*,*,#1174,.T.);
#1609=ORIENTED_EDGE('',*,*,#1171,.T.);
#1610=ORIENTED_EDGE('',*,*,#1168,.T.);
#1611=ORIENTED_EDGE('',*,*,#1165,.T.);
#1612=ORIENTED_EDGE('',*,*,#1156,.T.);
#1613=ORIENTED_EDGE('',*,*,#1149,.F.);
#1614=ORIENTED_EDGE('',*,*,#1175,.F.);
#1615=ORIENTED_EDGE('',*,*,#1157,.T.);
#1616=ORIENTED_EDGE('',*,*,#1137,.T.);
#1617=ORIENTED_EDGE('',*,*,#1176,.F.);
#1618=ORIENTED_EDGE('',*,*,#1177,.F.);
#1619=ORIENTED_EDGE('',*,*,#1152,.T.);
#1620=ORIENTED_EDGE('',*,*,#1136,.T.);
#1621=ORIENTED_EDGE('',*,*,#1151,.F.);
#1622=ORIENTED_EDGE('',*,*,#1155,.F.);
#1623=ORIENTED_EDGE('',*,*,#1159,.F.);
#1624=ORIENTED_EDGE('',*,*,#1178,.F.);
#1625=ORIENTED_EDGE('',*,*,#1176,.T.);
#1626=ORIENTED_EDGE('',*,*,#1179,.F.);
#1627=ORIENTED_EDGE('',*,*,#1180,.T.);
#1628=ORIENTED_EDGE('',*,*,#1181,.F.);
#1629=ORIENTED_EDGE('',*,*,#1182,.F.);
#1630=ORIENTED_EDGE('',*,*,#1183,.F.);
#1631=ORIENTED_EDGE('',*,*,#1182,.T.);
#1632=ORIENTED_EDGE('',*,*,#1184,.F.);
#1633=ORIENTED_EDGE('',*,*,#1185,.F.);
#1634=ORIENTED_EDGE('',*,*,#1186,.F.);
#1635=ORIENTED_EDGE('',*,*,#1185,.T.);
#1636=ORIENTED_EDGE('',*,*,#1187,.F.);
#1637=ORIENTED_EDGE('',*,*,#1188,.F.);
#1638=ORIENTED_EDGE('',*,*,#1189,.F.);
#1639=ORIENTED_EDGE('',*,*,#1188,.T.);
#1640=ORIENTED_EDGE('',*,*,#1190,.F.);
#1641=ORIENTED_EDGE('',*,*,#1180,.F.);
#1642=ORIENTED_EDGE('',*,*,#1190,.T.);
#1643=ORIENTED_EDGE('',*,*,#1187,.T.);
#1644=ORIENTED_EDGE('',*,*,#1184,.T.);
#1645=ORIENTED_EDGE('',*,*,#1181,.T.);
#1646=ORIENTED_EDGE('',*,*,#1132,.T.);
#1647=ORIENTED_EDGE('',*,*,#1191,.F.);
#1648=ORIENTED_EDGE('',*,*,#1192,.F.);
#1649=ORIENTED_EDGE('',*,*,#1193,.T.);
#1650=ORIENTED_EDGE('',*,*,#1162,.T.);
#1651=ORIENTED_EDGE('',*,*,#1143,.F.);
#1652=ORIENTED_EDGE('',*,*,#1135,.T.);
#1653=ORIENTED_EDGE('',*,*,#1142,.F.);
#1654=ORIENTED_EDGE('',*,*,#1194,.F.);
#1655=ORIENTED_EDGE('',*,*,#1191,.T.);
#1656=ORIENTED_EDGE('',*,*,#1161,.T.);
#1657=ORIENTED_EDGE('',*,*,#1195,.F.);
#1658=ORIENTED_EDGE('',*,*,#1196,.F.);
#1659=ORIENTED_EDGE('',*,*,#1145,.T.);
#1660=ORIENTED_EDGE('',*,*,#1160,.T.);
#1661=ORIENTED_EDGE('',*,*,#1193,.F.);
#1662=ORIENTED_EDGE('',*,*,#1197,.F.);
#1663=ORIENTED_EDGE('',*,*,#1195,.T.);
#1664=ORIENTED_EDGE('',*,*,#1198,.F.);
#1665=ORIENTED_EDGE('',*,*,#1199,.T.);
#1666=ORIENTED_EDGE('',*,*,#1131,.F.);
#1667=ORIENTED_EDGE('',*,*,#1199,.F.);
#1668=ORIENTED_EDGE('',*,*,#1200,.F.);
#1669=ORIENTED_EDGE('',*,*,#1201,.T.);
#1670=ORIENTED_EDGE('',*,*,#1130,.F.);
#1671=ORIENTED_EDGE('',*,*,#1201,.F.);
#1672=ORIENTED_EDGE('',*,*,#1202,.F.);
#1673=ORIENTED_EDGE('',*,*,#1203,.T.);
#1674=ORIENTED_EDGE('',*,*,#1129,.F.);
#1675=ORIENTED_EDGE('',*,*,#1203,.F.);
#1676=ORIENTED_EDGE('',*,*,#1204,.F.);
#1677=ORIENTED_EDGE('',*,*,#1205,.T.);
#1678=ORIENTED_EDGE('',*,*,#1128,.F.);
#1679=ORIENTED_EDGE('',*,*,#1205,.F.);
#1680=ORIENTED_EDGE('',*,*,#1206,.F.);
#1681=ORIENTED_EDGE('',*,*,#1207,.F.);
#1682=ORIENTED_EDGE('',*,*,#1208,.F.);
#1683=ORIENTED_EDGE('',*,*,#1125,.F.);
#1684=ORIENTED_EDGE('',*,*,#1208,.T.);
#1685=ORIENTED_EDGE('',*,*,#1209,.F.);
#1686=ORIENTED_EDGE('',*,*,#1210,.F.);
#1687=ORIENTED_EDGE('',*,*,#1126,.F.);
#1688=ORIENTED_EDGE('',*,*,#1210,.T.);
#1689=ORIENTED_EDGE('',*,*,#1211,.F.);
#1690=ORIENTED_EDGE('',*,*,#1212,.F.);
#1691=ORIENTED_EDGE('',*,*,#1127,.F.);
#1692=ORIENTED_EDGE('',*,*,#1212,.T.);
#1693=ORIENTED_EDGE('',*,*,#1213,.F.);
#1694=ORIENTED_EDGE('',*,*,#1206,.T.);
#1695=ORIENTED_EDGE('',*,*,#1124,.F.);
#1696=ORIENTED_EDGE('',*,*,#1213,.T.);
#1697=ORIENTED_EDGE('',*,*,#1211,.T.);
#1698=ORIENTED_EDGE('',*,*,#1209,.T.);
#1699=ORIENTED_EDGE('',*,*,#1207,.T.);
#1700=ORIENTED_EDGE('',*,*,#1114,.T.);
#1701=ORIENTED_EDGE('',*,*,#1078,.T.);
#1702=ORIENTED_EDGE('',*,*,#1116,.T.);
#1703=ORIENTED_EDGE('',*,*,#1042,.T.);
#1704=ORIENTED_EDGE('',*,*,#1110,.T.);
#1705=ORIENTED_EDGE('',*,*,#1058,.T.);
#1706=ORIENTED_EDGE('',*,*,#1112,.T.);
#1707=ORIENTED_EDGE('',*,*,#1096,.T.);
#1708=ORIENTED_EDGE('',*,*,#1163,.T.);
#1709=ORIENTED_EDGE('',*,*,#1167,.T.);
#1710=ORIENTED_EDGE('',*,*,#1170,.T.);
#1711=ORIENTED_EDGE('',*,*,#1173,.T.);
#1712=ORIENTED_EDGE('',*,*,#1175,.T.);
#1713=ORIENTED_EDGE('',*,*,#1148,.T.);
#1714=ORIENTED_EDGE('',*,*,#1153,.T.);
#1715=ORIENTED_EDGE('',*,*,#1177,.T.);
#1716=ORIENTED_EDGE('',*,*,#1178,.T.);
#1717=ORIENTED_EDGE('',*,*,#1158,.T.);
#1718=ORIENTED_EDGE('',*,*,#1179,.T.);
#1719=ORIENTED_EDGE('',*,*,#1183,.T.);
#1720=ORIENTED_EDGE('',*,*,#1186,.T.);
#1721=ORIENTED_EDGE('',*,*,#1189,.T.);
#1722=ORIENTED_EDGE('',*,*,#1192,.T.);
#1723=ORIENTED_EDGE('',*,*,#1194,.T.);
#1724=ORIENTED_EDGE('',*,*,#1141,.T.);
#1725=ORIENTED_EDGE('',*,*,#1146,.T.);
#1726=ORIENTED_EDGE('',*,*,#1196,.T.);
#1727=ORIENTED_EDGE('',*,*,#1197,.T.);
#1728=ORIENTED_EDGE('',*,*,#1204,.T.);
#1729=ORIENTED_EDGE('',*,*,#1202,.T.);
#1730=ORIENTED_EDGE('',*,*,#1200,.T.);
#1731=ORIENTED_EDGE('',*,*,#1198,.T.);
#1732=ORIENTED_EDGE('',*,*,#1121,.T.);
#1733=ORIENTED_EDGE('',*,*,#1118,.T.);
#1734=ORIENTED_EDGE('',*,*,#1108,.T.);
#1735=ORIENTED_EDGE('',*,*,#1048,.T.);
#1736=ORIENTED_EDGE('',*,*,#1106,.T.);
#1737=ORIENTED_EDGE('',*,*,#1084,.T.);
#1738=ORIENTED_EDGE('',*,*,#1102,.T.);
#1739=ORIENTED_EDGE('',*,*,#1068,.T.);
#1740=ORIENTED_EDGE('',*,*,#1104,.T.);
#1741=ORIENTED_EDGE('',*,*,#1033,.T.);
#1742=PLANE('',#1952);
#1743=PLANE('',#1953);
#1744=PLANE('',#1954);
#1745=PLANE('',#1955);
#1746=PLANE('',#1956);
#1747=PLANE('',#1957);
#1748=PLANE('',#1958);
#1749=PLANE('',#1959);
#1750=PLANE('',#1960);
#1751=PLANE('',#1961);
#1752=PLANE('',#1962);
#1753=PLANE('',#1963);
#1754=PLANE('',#1964);
#1755=PLANE('',#1965);
#1756=PLANE('',#1966);
#1757=PLANE('',#1967);
#1758=PLANE('',#1968);
#1759=PLANE('',#1969);
#1760=PLANE('',#1970);
#1761=PLANE('',#1971);
#1762=PLANE('',#1972);
#1763=PLANE('',#1973);
#1764=PLANE('',#1974);
#1765=PLANE('',#1975);
#1766=PLANE('',#1976);
#1767=PLANE('',#1977);
#1768=PLANE('',#1978);
#1769=PLANE('',#1979);
#1770=PLANE('',#1980);
#1771=PLANE('',#1981);
#1772=PLANE('',#1982);
#1773=PLANE('',#1983);
#1774=PLANE('',#1984);
#1775=PLANE('',#1985);
#1776=PLANE('',#1986);
#1777=PLANE('',#1987);
#1778=PLANE('',#1988);
#1779=PLANE('',#1989);
#1780=PLANE('',#1990);
#1781=PLANE('',#1991);
#1782=PLANE('',#1992);
#1783=PLANE('',#1993);
#1784=PLANE('',#1994);
#1785=PLANE('',#1995);
#1786=PLANE('',#1996);
#1787=PLANE('',#1997);
#1788=PLANE('',#1998);
#1789=PLANE('',#1999);
#1790=PLANE('',#2000);
#1791=PLANE('',#2001);
#1792=PLANE('',#2002);
#1793=PLANE('',#2003);
#1794=PLANE('',#2004);
#1795=PLANE('',#2005);
#1796=PLANE('',#2006);
#1797=PLANE('',#2007);
#1798=PLANE('',#2008);
#1799=PLANE('',#2009);
#1800=PLANE('',#2010);
#1801=PLANE('',#2011);
#1802=PLANE('',#2012);
#1803=PLANE('',#2016);
#1804=PLANE('',#2020);
#1805=PLANE('',#2021);
#1806=PLANE('',#2026);
#1807=PLANE('',#2027);
#1808=PLANE('',#2028);
#1809=PLANE('',#2029);
#1810=PLANE('',#2030);
#1811=PLANE('',#2031);
#1812=PLANE('',#2032);
#1813=PLANE('',#2033);
#1814=PLANE('',#2034);
#1815=PLANE('',#2035);
#1816=PLANE('',#2036);
#1817=PLANE('',#2037);
#1818=PLANE('',#2038);
#1819=PLANE('',#2039);
#1820=PLANE('',#2040);
#1821=PLANE('',#2041);
#1822=PLANE('',#2042);
#1823=PLANE('',#2043);
#1824=PLANE('',#2044);
#1825=PLANE('',#2045);
#1826=PLANE('',#2046);
#1827=PLANE('',#2047);
#1828=PLANE('',#2048);
#1829=PLANE('',#2049);
#1830=PLANE('',#2050);
#1831=PLANE('',#2051);
#1832=PLANE('',#2060);
#1833=PLANE('',#2061);
#1834=PLANE('',#2062);
#1835=PLANE('',#2063);
#1836=PLANE('',#2064);
#1837=ADVANCED_FACE('',(#51),#1742,.T.);
#1838=ADVANCED_FACE('',(#52),#1743,.T.);
#1839=ADVANCED_FACE('',(#53),#1744,.T.);
#1840=ADVANCED_FACE('',(#54),#1745,.T.);
#1841=ADVANCED_FACE('',(#55),#1746,.T.);
#1842=ADVANCED_FACE('',(#56),#1747,.T.);
#1843=ADVANCED_FACE('',(#57),#1748,.T.);
#1844=ADVANCED_FACE('',(#58),#1749,.F.);
#1845=ADVANCED_FACE('',(#59),#1750,.T.);
#1846=ADVANCED_FACE('',(#60),#1751,.T.);
#1847=ADVANCED_FACE('',(#61),#1752,.T.);
#1848=ADVANCED_FACE('',(#62),#1753,.T.);
#1849=ADVANCED_FACE('',(#63),#1754,.F.);
#1850=ADVANCED_FACE('',(#64),#1755,.T.);
#1851=ADVANCED_FACE('',(#65),#1756,.T.);
#1852=ADVANCED_FACE('',(#66),#1757,.T.);
#1853=ADVANCED_FACE('',(#67),#1758,.T.);
#1854=ADVANCED_FACE('',(#68),#1759,.F.);
#1855=ADVANCED_FACE('',(#69),#1760,.T.);
#1856=ADVANCED_FACE('',(#70),#1761,.T.);
#1857=ADVANCED_FACE('',(#71),#1762,.T.);
#1858=ADVANCED_FACE('',(#72),#1763,.T.);
#1859=ADVANCED_FACE('',(#73),#1764,.T.);
#1860=ADVANCED_FACE('',(#74),#1765,.T.);
#1861=ADVANCED_FACE('',(#75),#1766,.T.);
#1862=ADVANCED_FACE('',(#76),#1767,.T.);
#1863=ADVANCED_FACE('',(#77),#1768,.T.);
#1864=ADVANCED_FACE('',(#78),#1769,.T.);
#1865=ADVANCED_FACE('',(#79),#1770,.T.);
#1866=ADVANCED_FACE('',(#80),#1771,.T.);
#1867=ADVANCED_FACE('',(#81),#1772,.T.);
#1868=ADVANCED_FACE('',(#82),#1773,.T.);
#1869=ADVANCED_FACE('',(#83),#1774,.T.);
#1870=ADVANCED_FACE('',(#84),#1775,.T.);
#1871=ADVANCED_FACE('',(#85),#1776,.T.);
#1872=ADVANCED_FACE('',(#86),#1777,.T.);
#1873=ADVANCED_FACE('',(#87),#1778,.T.);
#1874=ADVANCED_FACE('',(#88),#1779,.T.);
#1875=ADVANCED_FACE('',(#89),#1780,.T.);
#1876=ADVANCED_FACE('',(#90),#1781,.T.);
#1877=ADVANCED_FACE('',(#91),#1782,.T.);
#1878=ADVANCED_FACE('',(#92),#1783,.T.);
#1879=ADVANCED_FACE('',(#93),#1784,.T.);
#1880=ADVANCED_FACE('',(#94),#1785,.T.);
#1881=ADVANCED_FACE('',(#95),#1786,.T.);
#1882=ADVANCED_FACE('',(#96),#1787,.T.);
#1883=ADVANCED_FACE('',(#97),#1788,.T.);
#1884=ADVANCED_FACE('',(#98),#1789,.T.);
#1885=ADVANCED_FACE('',(#99),#1790,.T.);
#1886=ADVANCED_FACE('',(#100),#1791,.T.);
#1887=ADVANCED_FACE('',(#101),#1792,.T.);
#1888=ADVANCED_FACE('',(#102),#1793,.T.);
#1889=ADVANCED_FACE('',(#103),#1794,.T.);
#1890=ADVANCED_FACE('',(#104),#1795,.T.);
#1891=ADVANCED_FACE('',(#105),#1796,.T.);
#1892=ADVANCED_FACE('',(#106),#1797,.T.);
#1893=ADVANCED_FACE('',(#107),#1798,.T.);
#1894=ADVANCED_FACE('',(#108),#1799,.T.);
#1895=ADVANCED_FACE('',(#109),#1800,.T.);
#1896=ADVANCED_FACE('',(#110),#1801,.T.);
#1897=ADVANCED_FACE('',(#111),#1802,.T.);
#1898=ADVANCED_FACE('',(#112),#45,.F.);
#1899=ADVANCED_FACE('',(#113),#1803,.T.);
#1900=ADVANCED_FACE('',(#114),#46,.F.);
#1901=ADVANCED_FACE('',(#115),#1804,.T.);
#1902=ADVANCED_FACE('',(#116,#15,#16,#17,#18),#1805,.F.);
#1903=ADVANCED_FACE('',(#117),#1806,.F.);
#1904=ADVANCED_FACE('',(#118),#1807,.F.);
#1905=ADVANCED_FACE('',(#119),#1808,.T.);
#1906=ADVANCED_FACE('',(#120),#1809,.T.);
#1907=ADVANCED_FACE('',(#121),#1810,.T.);
#1908=ADVANCED_FACE('',(#122),#1811,.T.);
#1909=ADVANCED_FACE('',(#123),#1812,.T.);
#1910=ADVANCED_FACE('',(#124),#1813,.T.);
#1911=ADVANCED_FACE('',(#125),#1814,.T.);
#1912=ADVANCED_FACE('',(#126),#1815,.T.);
#1913=ADVANCED_FACE('',(#127),#1816,.T.);
#1914=ADVANCED_FACE('',(#128),#1817,.T.);
#1915=ADVANCED_FACE('',(#129),#1818,.T.);
#1916=ADVANCED_FACE('',(#130),#1819,.T.);
#1917=ADVANCED_FACE('',(#131),#1820,.T.);
#1918=ADVANCED_FACE('',(#132),#1821,.T.);
#1919=ADVANCED_FACE('',(#133),#1822,.T.);
#1920=ADVANCED_FACE('',(#134),#1823,.T.);
#1921=ADVANCED_FACE('',(#135),#1824,.T.);
#1922=ADVANCED_FACE('',(#136),#1825,.T.);
#1923=ADVANCED_FACE('',(#137),#1826,.T.);
#1924=ADVANCED_FACE('',(#138),#1827,.T.);
#1925=ADVANCED_FACE('',(#139),#1828,.T.);
#1926=ADVANCED_FACE('',(#140),#1829,.T.);
#1927=ADVANCED_FACE('',(#141),#1830,.T.);
#1928=ADVANCED_FACE('',(#142),#1831,.T.);
#1929=ADVANCED_FACE('',(#143),#47,.F.);
#1930=ADVANCED_FACE('',(#144),#48,.F.);
#1931=ADVANCED_FACE('',(#145),#49,.F.);
#1932=ADVANCED_FACE('',(#146),#50,.F.);
#1933=ADVANCED_FACE('',(#147),#1832,.T.);
#1934=ADVANCED_FACE('',(#148),#1833,.T.);
#1935=ADVANCED_FACE('',(#149),#1834,.T.);
#1936=ADVANCED_FACE('',(#150),#1835,.T.);
#1937=ADVANCED_FACE('',(#151,#19,#20,#21,#22,#23,#24,#25,#26,#27,#28,#29,
#30,#31,#32),#1836,.T.);
#1938=CLOSED_SHELL('',(#1837,#1838,#1839,#1840,#1841,#1842,#1843,#1844,
#1845,#1846,#1847,#1848,#1849,#1850,#1851,#1852,#1853,#1854,#1855,#1856,
#1857,#1858,#1859,#1860,#1861,#1862,#1863,#1864,#1865,#1866,#1867,#1868,
#1869,#1870,#1871,#1872,#1873,#1874,#1875,#1876,#1877,#1878,#1879,#1880,
#1881,#1882,#1883,#1884,#1885,#1886,#1887,#1888,#1889,#1890,#1891,#1892,
#1893,#1894,#1895,#1896,#1897,#1898,#1899,#1900,#1901,#1902,#1903,#1904,
#1905,#1906,#1907,#1908,#1909,#1910,#1911,#1912,#1913,#1914,#1915,#1916,
#1917,#1918,#1919,#1920,#1921,#1922,#1923,#1924,#1925,#1926,#1927,#1928,
#1929,#1930,#1931,#1932,#1933,#1934,#1935,#1936,#1937));
#1939=DERIVED_UNIT_ELEMENT(#1941,1.);
#1940=DERIVED_UNIT_ELEMENT(#3091,-3.);
#1941=(
MASS_UNIT()
NAMED_UNIT(*)
SI_UNIT(.KILO.,.GRAM.)
);
#1942=DERIVED_UNIT((#1939,#1940));
#1943=MEASURE_REPRESENTATION_ITEM('density measure',
POSITIVE_RATIO_MEASURE(7850.),#1942);
#1944=PROPERTY_DEFINITION_REPRESENTATION(#1949,#1946);
#1945=PROPERTY_DEFINITION_REPRESENTATION(#1950,#1947);
#1946=REPRESENTATION('material name',(#1948),#3088);
#1947=REPRESENTATION('density',(#1943),#3088);
#1948=DESCRIPTIVE_REPRESENTATION_ITEM('Steel','Steel');
#1949=PROPERTY_DEFINITION('material property','material name',#3098);
#1950=PROPERTY_DEFINITION('material property','density of part',#3098);
#1951=AXIS2_PLACEMENT_3D('',#2545,#2065,#2066);
#1952=AXIS2_PLACEMENT_3D('',#2546,#2067,#2068);
#1953=AXIS2_PLACEMENT_3D('',#2555,#2073,#2074);
#1954=AXIS2_PLACEMENT_3D('',#2561,#2078,#2079);
#1955=AXIS2_PLACEMENT_3D('',#2567,#2083,#2084);
#1956=AXIS2_PLACEMENT_3D('',#2578,#2090,#2091);
#1957=AXIS2_PLACEMENT_3D('',#2584,#2095,#2096);
#1958=AXIS2_PLACEMENT_3D('',#2590,#2100,#2101);
#1959=AXIS2_PLACEMENT_3D('',#2592,#2103,#2104);
#1960=AXIS2_PLACEMENT_3D('',#2596,#2107,#2108);
#1961=AXIS2_PLACEMENT_3D('',#2607,#2114,#2115);
#1962=AXIS2_PLACEMENT_3D('',#2613,#2119,#2120);
#1963=AXIS2_PLACEMENT_3D('',#2619,#2124,#2125);
#1964=AXIS2_PLACEMENT_3D('',#2621,#2127,#2128);
#1965=AXIS2_PLACEMENT_3D('',#2625,#2131,#2132);
#1966=AXIS2_PLACEMENT_3D('',#2636,#2138,#2139);
#1967=AXIS2_PLACEMENT_3D('',#2642,#2143,#2144);
#1968=AXIS2_PLACEMENT_3D('',#2648,#2148,#2149);
#1969=AXIS2_PLACEMENT_3D('',#2650,#2151,#2152);
#1970=AXIS2_PLACEMENT_3D('',#2654,#2155,#2156);
#1971=AXIS2_PLACEMENT_3D('',#2663,#2161,#2162);
#1972=AXIS2_PLACEMENT_3D('',#2669,#2166,#2167);
#1973=AXIS2_PLACEMENT_3D('',#2678,#2172,#2173);
#1974=AXIS2_PLACEMENT_3D('',#2684,#2177,#2178);
#1975=AXIS2_PLACEMENT_3D('',#2693,#2183,#2184);
#1976=AXIS2_PLACEMENT_3D('',#2699,#2188,#2189);
#1977=AXIS2_PLACEMENT_3D('',#2708,#2194,#2195);
#1978=AXIS2_PLACEMENT_3D('',#2714,#2199,#2200);
#1979=AXIS2_PLACEMENT_3D('',#2720,#2204,#2205);
#1980=AXIS2_PLACEMENT_3D('',#2729,#2210,#2211);
#1981=AXIS2_PLACEMENT_3D('',#2732,#2214,#2215);
#1982=AXIS2_PLACEMENT_3D('',#2738,#2219,#2220);
#1983=AXIS2_PLACEMENT_3D('',#2747,#2225,#2226);
#1984=AXIS2_PLACEMENT_3D('',#2750,#2229,#2230);
#1985=AXIS2_PLACEMENT_3D('',#2759,#2235,#2236);
#1986=AXIS2_PLACEMENT_3D('',#2762,#2239,#2240);
#1987=AXIS2_PLACEMENT_3D('',#2770,#2245,#2246);
#1988=AXIS2_PLACEMENT_3D('',#2779,#2251,#2252);
#1989=AXIS2_PLACEMENT_3D('',#2782,#2255,#2256);
#1990=AXIS2_PLACEMENT_3D('',#2790,#2261,#2262);
#1991=AXIS2_PLACEMENT_3D('',#2799,#2267,#2268);
#1992=AXIS2_PLACEMENT_3D('',#2802,#2271,#2272);
#1993=AXIS2_PLACEMENT_3D('',#2810,#2277,#2278);
#1994=AXIS2_PLACEMENT_3D('',#2819,#2283,#2284);
#1995=AXIS2_PLACEMENT_3D('',#2822,#2287,#2288);
#1996=AXIS2_PLACEMENT_3D('',#2831,#2293,#2294);
#1997=AXIS2_PLACEMENT_3D('',#2837,#2298,#2299);
#1998=AXIS2_PLACEMENT_3D('',#2840,#2302,#2303);
#1999=AXIS2_PLACEMENT_3D('',#2846,#2307,#2308);
#2000=AXIS2_PLACEMENT_3D('',#2855,#2313,#2314);
#2001=AXIS2_PLACEMENT_3D('',#2858,#2317,#2318);
#2002=AXIS2_PLACEMENT_3D('',#2861,#2321,#2322);
#2003=AXIS2_PLACEMENT_3D('',#2864,#2325,#2326);
#2004=AXIS2_PLACEMENT_3D('',#2865,#2327,#2328);
#2005=AXIS2_PLACEMENT_3D('',#2868,#2331,#2332);
#2006=AXIS2_PLACEMENT_3D('',#2871,#2335,#2336);
#2007=AXIS2_PLACEMENT_3D('',#2872,#2337,#2338);
#2008=AXIS2_PLACEMENT_3D('',#2875,#2341,#2342);
#2009=AXIS2_PLACEMENT_3D('',#2878,#2345,#2346);
#2010=AXIS2_PLACEMENT_3D('',#2879,#2347,#2348);
#2011=AXIS2_PLACEMENT_3D('',#2882,#2351,#2352);
#2012=AXIS2_PLACEMENT_3D('',#2885,#2355,#2356);
#2013=AXIS2_PLACEMENT_3D('',#2886,#2357,#2358);
#2014=AXIS2_PLACEMENT_3D('',#2888,#2359,#2360);
#2015=AXIS2_PLACEMENT_3D('',#2891,#2362,#2363);
#2016=AXIS2_PLACEMENT_3D('',#2892,#2364,#2365);
#2017=AXIS2_PLACEMENT_3D('',#2893,#2366,#2367);
#2018=AXIS2_PLACEMENT_3D('',#2895,#2368,#2369);
#2019=AXIS2_PLACEMENT_3D('',#2898,#2371,#2372);
#2020=AXIS2_PLACEMENT_3D('',#2899,#2373,#2374);
#2021=AXIS2_PLACEMENT_3D('',#2900,#2375,#2376);
#2022=AXIS2_PLACEMENT_3D('',#2910,#2381,#2382);
#2023=AXIS2_PLACEMENT_3D('',#2912,#2383,#2384);
#2024=AXIS2_PLACEMENT_3D('',#2914,#2385,#2386);
#2025=AXIS2_PLACEMENT_3D('',#2916,#2387,#2388);
#2026=AXIS2_PLACEMENT_3D('',#2917,#2389,#2390);
#2027=AXIS2_PLACEMENT_3D('',#2926,#2395,#2396);
#2028=AXIS2_PLACEMENT_3D('',#2935,#2401,#2402);
#2029=AXIS2_PLACEMENT_3D('',#2941,#2406,#2407);
#2030=AXIS2_PLACEMENT_3D('',#2949,#2412,#2413);
#2031=AXIS2_PLACEMENT_3D('',#2959,#2419,#2420);
#2032=AXIS2_PLACEMENT_3D('',#2963,#2423,#2424);
#2033=AXIS2_PLACEMENT_3D('',#2969,#2428,#2429);
#2034=AXIS2_PLACEMENT_3D('',#2975,#2433,#2434);
#2035=AXIS2_PLACEMENT_3D('',#2981,#2438,#2439);
#2036=AXIS2_PLACEMENT_3D('',#2990,#2444,#2445);
#2037=AXIS2_PLACEMENT_3D('',#2996,#2449,#2450);
#2038=AXIS2_PLACEMENT_3D('',#3002,#2454,#2455);
#2039=AXIS2_PLACEMENT_3D('',#3005,#2458,#2459);
#2040=AXIS2_PLACEMENT_3D('',#3006,#2460,#2461);
#2041=AXIS2_PLACEMENT_3D('',#3008,#2463,#2464);
#2042=AXIS2_PLACEMENT_3D('',#3012,#2467,#2468);
#2043=AXIS2_PLACEMENT_3D('',#3014,#2470,#2471);
#2044=AXIS2_PLACEMENT_3D('',#3023,#2476,#2477);
#2045=AXIS2_PLACEMENT_3D('',#3029,#2481,#2482);
#2046=AXIS2_PLACEMENT_3D('',#3035,#2486,#2487);
#2047=AXIS2_PLACEMENT_3D('',#3038,#2490,#2491);
#2048=AXIS2_PLACEMENT_3D('',#3039,#2492,#2493);
#2049=AXIS2_PLACEMENT_3D('',#3045,#2497,#2498);
#2050=AXIS2_PLACEMENT_3D('',#3047,#2500,#2501);
#2051=AXIS2_PLACEMENT_3D('',#3051,#2504,#2505);
#2052=AXIS2_PLACEMENT_3D('',#3053,#2507,#2508);
#2053=AXIS2_PLACEMENT_3D('',#3055,#2509,#2510);
#2054=AXIS2_PLACEMENT_3D('',#3057,#2512,#2513);
#2055=AXIS2_PLACEMENT_3D('',#3059,#2514,#2515);
#2056=AXIS2_PLACEMENT_3D('',#3061,#2517,#2518);
#2057=AXIS2_PLACEMENT_3D('',#3063,#2519,#2520);
#2058=AXIS2_PLACEMENT_3D('',#3065,#2522,#2523);
#2059=AXIS2_PLACEMENT_3D('',#3067,#2524,#2525);
#2060=AXIS2_PLACEMENT_3D('',#3069,#2527,#2528);
#2061=AXIS2_PLACEMENT_3D('',#3075,#2532,#2533);
#2062=AXIS2_PLACEMENT_3D('',#3079,#2536,#2537);
#2063=AXIS2_PLACEMENT_3D('',#3083,#2540,#2541);
#2064=AXIS2_PLACEMENT_3D('',#3085,#2543,#2544);
#2065=DIRECTION('axis',(0.,0.,1.));
#2066=DIRECTION('refdir',(1.,0.,0.));
#2067=DIRECTION('center_axis',(0.,0.,-1.));
#2068=DIRECTION('ref_axis',(1.,0.,0.));
#2069=DIRECTION('',(-1.,0.,0.));
#2070=DIRECTION('',(0.,-1.,0.));
#2071=DIRECTION('',(1.,0.,0.));
#2072=DIRECTION('',(0.,-1.,0.));
#2073=DIRECTION('center_axis',(0.,-1.,0.));
#2074=DIRECTION('ref_axis',(0.,0.,-1.));
#2075=DIRECTION('',(0.,0.,1.));
#2076=DIRECTION('',(-1.,0.,0.));
#2077=DIRECTION('',(0.,0.,-1.));
#2078=DIRECTION('center_axis',(0.,-1.,0.));
#2079=DIRECTION('ref_axis',(1.,0.,0.));
#2080=DIRECTION('',(0.,0.,1.));
#2081=DIRECTION('',(-1.,0.,0.));
#2082=DIRECTION('',(0.,0.,1.));
#2083=DIRECTION('center_axis',(0.,0.,-1.));
#2084=DIRECTION('ref_axis',(1.,0.,0.));
#2085=DIRECTION('',(-1.,0.,0.));
#2086=DIRECTION('',(1.,0.,0.));
#2087=DIRECTION('',(0.,-1.,0.));
#2088=DIRECTION('',(1.,0.,0.));
#2089=DIRECTION('',(0.,-1.,0.));
#2090=DIRECTION('center_axis',(-1.,0.,0.));
#2091=DIRECTION('ref_axis',(0.,0.,-1.));
#2092=DIRECTION('',(0.,0.,1.));
#2093=DIRECTION('',(0.,0.,-1.));
#2094=DIRECTION('',(0.,-1.,0.));
#2095=DIRECTION('center_axis',(1.,0.,0.));
#2096=DIRECTION('ref_axis',(0.,0.,1.));
#2097=DIRECTION('',(0.,0.,1.));
#2098=DIRECTION('',(0.,-1.,0.));
#2099=DIRECTION('',(0.,0.,1.));
#2100=DIRECTION('center_axis',(0.,-1.,0.));
#2101=DIRECTION('ref_axis',(0.,0.,-1.));
#2102=DIRECTION('',(-1.,0.,0.));
#2103=DIRECTION('center_axis',(0.,-1.,0.));
#2104=DIRECTION('ref_axis',(1.,0.,0.));
#2105=DIRECTION('',(0.,0.,1.));
#2106=DIRECTION('',(-1.,0.,0.));
#2107=DIRECTION('center_axis',(0.,0.,-1.));
#2108=DIRECTION('ref_axis',(1.,0.,0.));
#2109=DIRECTION('',(1.,0.,0.));
#2110=DIRECTION('',(-1.,0.,0.));
#2111=DIRECTION('',(0.,-1.,0.));
#2112=DIRECTION('',(1.,0.,0.));
#2113=DIRECTION('',(0.,-1.,0.));
#2114=DIRECTION('center_axis',(-1.,0.,0.));
#2115=DIRECTION('ref_axis',(0.,0.,-1.));
#2116=DIRECTION('',(0.,0.,-1.));
#2117=DIRECTION('',(0.,0.,-1.));
#2118=DIRECTION('',(0.,-1.,0.));
#2119=DIRECTION('center_axis',(1.,0.,0.));
#2120=DIRECTION('ref_axis',(0.,0.,1.));
#2121=DIRECTION('',(0.,0.,-1.));
#2122=DIRECTION('',(0.,-1.,0.));
#2123=DIRECTION('',(0.,0.,1.));
#2124=DIRECTION('center_axis',(0.,-1.,0.));
#2125=DIRECTION('ref_axis',(0.,0.,-1.));
#2126=DIRECTION('',(-1.,0.,0.));
#2127=DIRECTION('center_axis',(0.,-1.,0.));
#2128=DIRECTION('ref_axis',(1.,0.,0.));
#2129=DIRECTION('',(0.,0.,1.));
#2130=DIRECTION('',(-1.,0.,0.));
#2131=DIRECTION('center_axis',(0.,0.,-1.));
#2132=DIRECTION('ref_axis',(1.,0.,0.));
#2133=DIRECTION('',(1.,0.,0.));
#2134=DIRECTION('',(-1.,0.,0.));
#2135=DIRECTION('',(0.,-1.,0.));
#2136=DIRECTION('',(1.,0.,0.));
#2137=DIRECTION('',(0.,-1.,0.));
#2138=DIRECTION('center_axis',(-1.,0.,0.));
#2139=DIRECTION('ref_axis',(0.,0.,-1.));
#2140=DIRECTION('',(0.,0.,-1.));
#2141=DIRECTION('',(0.,0.,-1.));
#2142=DIRECTION('',(0.,-1.,0.));
#2143=DIRECTION('center_axis',(1.,0.,0.));
#2144=DIRECTION('ref_axis',(0.,0.,1.));
#2145=DIRECTION('',(0.,0.,-1.));
#2146=DIRECTION('',(0.,-1.,0.));
#2147=DIRECTION('',(0.,0.,1.));
#2148=DIRECTION('center_axis',(0.,-1.,0.));
#2149=DIRECTION('ref_axis',(0.,0.,-1.));
#2150=DIRECTION('',(-1.,0.,0.));
#2151=DIRECTION('center_axis',(0.,-1.,0.));
#2152=DIRECTION('ref_axis',(1.,0.,0.));
#2153=DIRECTION('',(0.,0.,1.));
#2154=DIRECTION('',(-1.,0.,0.));
#2155=DIRECTION('center_axis',(0.,0.,-1.));
#2156=DIRECTION('ref_axis',(-1.,0.,0.));
#2157=DIRECTION('',(1.,0.,0.));
#2158=DIRECTION('',(0.,1.,0.));
#2159=DIRECTION('',(-1.,0.,0.));
#2160=DIRECTION('',(0.,1.,0.));
#2161=DIRECTION('center_axis',(0.,1.,0.));
#2162=DIRECTION('ref_axis',(0.,0.,1.));
#2163=DIRECTION('',(0.,0.,1.));
#2164=DIRECTION('',(1.,0.,0.));
#2165=DIRECTION('',(0.,0.,-1.));
#2166=DIRECTION('center_axis',(0.,0.,-1.));
#2167=DIRECTION('ref_axis',(-1.,0.,0.));
#2168=DIRECTION('',(1.,0.,0.));
#2169=DIRECTION('',(0.,1.,0.));
#2170=DIRECTION('',(-1.,0.,0.));
#2171=DIRECTION('',(0.,1.,0.));
#2172=DIRECTION('center_axis',(0.,1.,0.));
#2173=DIRECTION('ref_axis',(0.,0.,1.));
#2174=DIRECTION('',(0.,0.,-1.));
#2175=DIRECTION('',(0.,0.,1.));
#2176=DIRECTION('',(1.,0.,0.));
#2177=DIRECTION('center_axis',(0.,0.,-1.));
#2178=DIRECTION('ref_axis',(-1.,0.,0.));
#2179=DIRECTION('',(1.,0.,0.));
#2180=DIRECTION('',(0.,1.,0.));
#2181=DIRECTION('',(-1.,0.,0.));
#2182=DIRECTION('',(0.,1.,0.));
#2183=DIRECTION('center_axis',(0.,1.,0.));
#2184=DIRECTION('ref_axis',(0.,0.,1.));
#2185=DIRECTION('',(0.,0.,-1.));
#2186=DIRECTION('',(0.,0.,1.));
#2187=DIRECTION('',(1.,0.,0.));
#2188=DIRECTION('center_axis',(0.,0.,-1.));
#2189=DIRECTION('ref_axis',(-1.,0.,0.));
#2190=DIRECTION('',(1.,0.,0.));
#2191=DIRECTION('',(0.,1.,0.));
#2192=DIRECTION('',(-1.,0.,0.));
#2193=DIRECTION('',(0.,1.,0.));
#2194=DIRECTION('center_axis',(0.,1.,0.));
#2195=DIRECTION('ref_axis',(0.,0.,1.));
#2196=DIRECTION('',(0.,0.,-1.));
#2197=DIRECTION('',(0.,0.,1.));
#2198=DIRECTION('',(1.,0.,0.));
#2199=DIRECTION('center_axis',(0.,1.,0.));
#2200=DIRECTION('ref_axis',(-1.,0.,0.));
#2201=DIRECTION('',(0.,0.,1.));
#2202=DIRECTION('',(1.,0.,0.));
#2203=DIRECTION('',(0.,0.,1.));
#2204=DIRECTION('center_axis',(0.,-1.,0.));
#2205=DIRECTION('ref_axis',(1.,0.,0.));
#2206=DIRECTION('',(-1.,0.,0.));
#2207=DIRECTION('',(0.,0.,1.));
#2208=DIRECTION('',(1.,0.,0.));
#2209=DIRECTION('',(0.,0.,1.));
#2210=DIRECTION('center_axis',(0.,0.,1.));
#2211=DIRECTION('ref_axis',(1.,0.,0.));
#2212=DIRECTION('',(0.,1.,0.));
#2213=DIRECTION('',(0.,1.,0.));
#2214=DIRECTION('center_axis',(0.,1.,0.));
#2215=DIRECTION('ref_axis',(-1.,0.,0.));
#2216=DIRECTION('',(0.,0.,1.));
#2217=DIRECTION('',(1.,0.,0.));
#2218=DIRECTION('',(0.,0.,1.));
#2219=DIRECTION('center_axis',(0.,-1.,0.));
#2220=DIRECTION('ref_axis',(1.,0.,0.));
#2221=DIRECTION('',(-1.,0.,0.));
#2222=DIRECTION('',(0.,0.,1.));
#2223=DIRECTION('',(1.,0.,0.));
#2224=DIRECTION('',(0.,0.,1.));
#2225=DIRECTION('center_axis',(0.,0.,1.));
#2226=DIRECTION('ref_axis',(1.,0.,0.));
#2227=DIRECTION('',(0.,1.,0.));
#2228=DIRECTION('',(0.,1.,0.));
#2229=DIRECTION('center_axis',(0.,1.,0.));
#2230=DIRECTION('ref_axis',(-1.,0.,0.));
#2231=DIRECTION('',(1.,0.,0.));
#2232=DIRECTION('',(0.,0.,1.));
#2233=DIRECTION('',(-1.,0.,0.));
#2234=DIRECTION('',(0.,0.,1.));
#2235=DIRECTION('center_axis',(0.,0.,1.));
#2236=DIRECTION('ref_axis',(1.,0.,0.));
#2237=DIRECTION('',(0.,-1.,0.));
#2238=DIRECTION('',(0.,-1.,0.));
#2239=DIRECTION('center_axis',(0.,-1.,0.));
#2240=DIRECTION('ref_axis',(1.,0.,0.));
#2241=DIRECTION('',(0.,0.,1.));
#2242=DIRECTION('',(-1.,0.,0.));
#2243=DIRECTION('',(0.,0.,1.));
#2244=DIRECTION('',(1.,0.,0.));
#2245=DIRECTION('center_axis',(0.,1.,0.));
#2246=DIRECTION('ref_axis',(-1.,0.,0.));
#2247=DIRECTION('',(1.,0.,0.));
#2248=DIRECTION('',(0.,0.,1.));
#2249=DIRECTION('',(-1.,0.,0.));
#2250=DIRECTION('',(0.,0.,1.));
#2251=DIRECTION('center_axis',(0.,0.,1.));
#2252=DIRECTION('ref_axis',(1.,0.,0.));
#2253=DIRECTION('',(0.,1.,0.));
#2254=DIRECTION('',(0.,-1.,0.));
#2255=DIRECTION('center_axis',(0.,-1.,0.));
#2256=DIRECTION('ref_axis',(1.,0.,0.));
#2257=DIRECTION('',(1.,0.,0.));
#2258=DIRECTION('',(0.,0.,1.));
#2259=DIRECTION('',(-1.,0.,0.));
#2260=DIRECTION('',(0.,0.,1.));
#2261=DIRECTION('center_axis',(0.,1.,0.));
#2262=DIRECTION('ref_axis',(-1.,0.,0.));
#2263=DIRECTION('',(1.,0.,0.));
#2264=DIRECTION('',(0.,0.,1.));
#2265=DIRECTION('',(-1.,0.,0.));
#2266=DIRECTION('',(0.,0.,1.));
#2267=DIRECTION('center_axis',(0.,0.,1.));
#2268=DIRECTION('ref_axis',(1.,0.,0.));
#2269=DIRECTION('',(0.,1.,0.));
#2270=DIRECTION('',(0.,-1.,0.));
#2271=DIRECTION('center_axis',(0.,-1.,0.));
#2272=DIRECTION('ref_axis',(1.,0.,0.));
#2273=DIRECTION('',(0.,0.,1.));
#2274=DIRECTION('',(-1.,0.,0.));
#2275=DIRECTION('',(0.,0.,1.));
#2276=DIRECTION('',(1.,0.,0.));
#2277=DIRECTION('center_axis',(0.,1.,0.));
#2278=DIRECTION('ref_axis',(-1.,0.,0.));
#2279=DIRECTION('',(1.,0.,0.));
#2280=DIRECTION('',(0.,0.,1.));
#2281=DIRECTION('',(-1.,0.,0.));
#2282=DIRECTION('',(0.,0.,1.));
#2283=DIRECTION('center_axis',(0.,0.,1.));
#2284=DIRECTION('ref_axis',(1.,0.,0.));
#2285=DIRECTION('',(0.,1.,0.));
#2286=DIRECTION('',(0.,-1.,0.));
#2287=DIRECTION('center_axis',(0.,-1.,0.));
#2288=DIRECTION('ref_axis',(1.,0.,0.));
#2289=DIRECTION('',(-1.,0.,0.));
#2290=DIRECTION('',(0.,0.,1.));
#2291=DIRECTION('',(1.,0.,0.));
#2292=DIRECTION('',(0.,0.,1.));
#2293=DIRECTION('center_axis',(0.,1.,0.));
#2294=DIRECTION('ref_axis',(-1.,0.,0.));
#2295=DIRECTION('',(0.,0.,1.));
#2296=DIRECTION('',(1.,0.,0.));
#2297=DIRECTION('',(0.,0.,1.));
#2298=DIRECTION('center_axis',(0.,0.,1.));
#2299=DIRECTION('ref_axis',(1.,0.,0.));
#2300=DIRECTION('',(0.,1.,0.));
#2301=DIRECTION('',(0.,1.,0.));
#2302=DIRECTION('center_axis',(0.,1.,0.));
#2303=DIRECTION('ref_axis',(-1.,0.,0.));
#2304=DIRECTION('',(0.,0.,1.));
#2305=DIRECTION('',(1.,0.,0.));
#2306=DIRECTION('',(0.,0.,1.));
#2307=DIRECTION('center_axis',(0.,-1.,0.));
#2308=DIRECTION('ref_axis',(1.,0.,0.));
#2309=DIRECTION('',(-1.,0.,0.));
#2310=DIRECTION('',(0.,0.,1.));
#2311=DIRECTION('',(1.,0.,0.));
#2312=DIRECTION('',(0.,0.,1.));
#2313=DIRECTION('center_axis',(0.,0.,1.));
#2314=DIRECTION('ref_axis',(1.,0.,0.));
#2315=DIRECTION('',(0.,1.,0.));
#2316=DIRECTION('',(0.,1.,0.));
#2317=DIRECTION('center_axis',(-1.,0.,0.));
#2318=DIRECTION('ref_axis',(0.,-1.,0.));
#2319=DIRECTION('',(0.,1.,0.));
#2320=DIRECTION('',(0.,-1.,0.));
#2321=DIRECTION('center_axis',(1.,0.,0.));
#2322=DIRECTION('ref_axis',(0.,1.,0.));
#2323=DIRECTION('',(0.,-1.,0.));
#2324=DIRECTION('',(0.,1.,0.));
#2325=DIRECTION('center_axis',(0.,0.,1.));
#2326=DIRECTION('ref_axis',(1.,0.,0.));
#2327=DIRECTION('center_axis',(1.,0.,0.));
#2328=DIRECTION('ref_axis',(0.,1.,0.));
#2329=DIRECTION('',(0.,-1.,0.));
#2330=DIRECTION('',(0.,1.,0.));
#2331=DIRECTION('center_axis',(-1.,0.,0.));
#2332=DIRECTION('ref_axis',(0.,-1.,0.));
#2333=DIRECTION('',(0.,1.,0.));
#2334=DIRECTION('',(0.,-1.,0.));
#2335=DIRECTION('center_axis',(0.,0.,1.));
#2336=DIRECTION('ref_axis',(1.,0.,0.));
#2337=DIRECTION('center_axis',(-1.,0.,0.));
#2338=DIRECTION('ref_axis',(0.,-1.,0.));
#2339=DIRECTION('',(0.,1.,0.));
#2340=DIRECTION('',(0.,-1.,0.));
#2341=DIRECTION('center_axis',(1.,0.,0.));
#2342=DIRECTION('ref_axis',(0.,1.,0.));
#2343=DIRECTION('',(0.,-1.,0.));
#2344=DIRECTION('',(0.,1.,0.));
#2345=DIRECTION('center_axis',(0.,0.,1.));
#2346=DIRECTION('ref_axis',(1.,0.,0.));
#2347=DIRECTION('center_axis',(-1.,0.,0.));
#2348=DIRECTION('ref_axis',(0.,-1.,0.));
#2349=DIRECTION('',(0.,1.,0.));
#2350=DIRECTION('',(0.,-1.,0.));
#2351=DIRECTION('center_axis',(1.,0.,0.));
#2352=DIRECTION('ref_axis',(0.,1.,0.));
#2353=DIRECTION('',(0.,-1.,0.));
#2354=DIRECTION('',(0.,1.,0.));
#2355=DIRECTION('center_axis',(0.,0.,1.));
#2356=DIRECTION('ref_axis',(1.,0.,0.));
#2357=DIRECTION('center_axis',(0.,0.,-1.));
#2358=DIRECTION('ref_axis',(-1.,0.,0.));
#2359=DIRECTION('center_axis',(0.,0.,-1.));
#2360=DIRECTION('ref_axis',(-1.,0.,0.));
#2361=DIRECTION('',(0.,0.,-1.));
#2362=DIRECTION('center_axis',(0.,0.,-1.));
#2363=DIRECTION('ref_axis',(-1.,0.,0.));
#2364=DIRECTION('center_axis',(0.,0.,1.));
#2365=DIRECTION('ref_axis',(-1.,0.,0.));
#2366=DIRECTION('center_axis',(0.,0.,-1.));
#2367=DIRECTION('ref_axis',(-1.,0.,0.));
#2368=DIRECTION('center_axis',(0.,0.,-1.));
#2369=DIRECTION('ref_axis',(-1.,0.,0.));
#2370=DIRECTION('',(0.,0.,-1.));
#2371=DIRECTION('center_axis',(0.,0.,-1.));
#2372=DIRECTION('ref_axis',(-1.,0.,0.));
#2373=DIRECTION('center_axis',(0.,0.,1.));
#2374=DIRECTION('ref_axis',(-1.,0.,0.));
#2375=DIRECTION('center_axis',(0.,0.,1.));
#2376=DIRECTION('ref_axis',(1.,0.,0.));
#2377=DIRECTION('',(-2.03332926662289E-33,1.,0.));
#2378=DIRECTION('',(1.,0.,0.));
#2379=DIRECTION('',(0.,-1.,0.));
#2380=DIRECTION('',(-1.,2.81498680772315E-33,0.));
#2381=DIRECTION('center_axis',(0.,0.,1.));
#2382=DIRECTION('ref_axis',(1.,0.,0.));
#2383=DIRECTION('center_axis',(0.,0.,1.));
#2384=DIRECTION('ref_axis',(1.,0.,0.));
#2385=DIRECTION('center_axis',(0.,0.,1.));
#2386=DIRECTION('ref_axis',(1.,0.,0.));
#2387=DIRECTION('center_axis',(0.,0.,1.));
#2388=DIRECTION('ref_axis',(1.,0.,0.));
#2389=DIRECTION('center_axis',(0.,0.,-1.));
#2390=DIRECTION('ref_axis',(-1.,0.,0.));
#2391=DIRECTION('',(0.,1.,0.));
#2392=DIRECTION('',(-1.,0.,0.));
#2393=DIRECTION('',(0.,-1.,0.));
#2394=DIRECTION('',(1.,0.,0.));
#2395=DIRECTION('center_axis',(0.,0.,-1.));
#2396=DIRECTION('ref_axis',(-1.,0.,0.));
#2397=DIRECTION('',(0.,1.,0.));
#2398=DIRECTION('',(-1.,0.,0.));
#2399=DIRECTION('',(0.,-1.,0.));
#2400=DIRECTION('',(1.,0.,0.));
#2401=DIRECTION('center_axis',(1.,0.,0.));
#2402=DIRECTION('ref_axis',(0.,1.,0.));
#2403=DIRECTION('',(0.,0.,1.));
#2404=DIRECTION('',(0.,-1.,0.));
#2405=DIRECTION('',(0.,0.,1.));
#2406=DIRECTION('center_axis',(0.,-1.,0.));
#2407=DIRECTION('ref_axis',(1.,0.,0.));
#2408=DIRECTION('',(0.,0.,-1.));
#2409=DIRECTION('',(1.,0.,0.));
#2410=DIRECTION('',(0.,0.,1.));
#2411=DIRECTION('',(-1.,0.,0.));
#2412=DIRECTION('center_axis',(0.,1.,0.));
#2413=DIRECTION('ref_axis',(-1.,0.,0.));
#2414=DIRECTION('',(0.,0.,1.));
#2415=DIRECTION('',(1.,0.,0.));
#2416=DIRECTION('',(0.,0.,1.));
#2417=DIRECTION('',(-1.,0.,0.));
#2418=DIRECTION('',(0.,0.,1.));
#2419=DIRECTION('center_axis',(1.,0.,0.));
#2420=DIRECTION('ref_axis',(0.,1.,0.));
#2421=DIRECTION('',(0.,0.,1.));
#2422=DIRECTION('',(0.,-1.,0.));
#2423=DIRECTION('center_axis',(0.,0.,-1.));
#2424=DIRECTION('ref_axis',(-1.,0.,0.));
#2425=DIRECTION('',(1.,0.,0.));
#2426=DIRECTION('',(0.,1.,0.));
#2427=DIRECTION('',(0.,1.,0.));
#2428=DIRECTION('center_axis',(0.,1.,0.));
#2429=DIRECTION('ref_axis',(-1.,0.,0.));
#2430=DIRECTION('',(0.,0.,1.));
#2431=DIRECTION('',(1.,0.,0.));
#2432=DIRECTION('',(0.,0.,1.));
#2433=DIRECTION('center_axis',(0.,0.,-1.));
#2434=DIRECTION('ref_axis',(1.,0.,0.));
#2435=DIRECTION('',(-1.,0.,0.));
#2436=DIRECTION('',(0.,1.,0.));
#2437=DIRECTION('',(0.,-1.,0.));
#2438=DIRECTION('center_axis',(-1.,0.,0.));
#2439=DIRECTION('ref_axis',(0.,-1.,0.));
#2440=DIRECTION('',(0.,1.,0.));
#2441=DIRECTION('',(0.,0.,1.));
#2442=DIRECTION('',(0.,-1.,0.));
#2443=DIRECTION('',(0.,0.,1.));
#2444=DIRECTION('center_axis',(0.,1.,0.));
#2445=DIRECTION('ref_axis',(-1.,0.,0.));
#2446=DIRECTION('',(1.,0.,0.));
#2447=DIRECTION('',(-1.,0.,0.));
#2448=DIRECTION('',(0.,0.,1.));
#2449=DIRECTION('center_axis',(1.,0.,0.));
#2450=DIRECTION('ref_axis',(0.,1.,0.));
#2451=DIRECTION('',(0.,-1.,0.));
#2452=DIRECTION('',(0.,1.,0.));
#2453=DIRECTION('',(0.,0.,1.));
#2454=DIRECTION('center_axis',(0.,-1.,0.));
#2455=DIRECTION('ref_axis',(1.,0.,0.));
#2456=DIRECTION('',(-1.,0.,0.));
#2457=DIRECTION('',(1.,0.,0.));
#2458=DIRECTION('center_axis',(0.,0.,1.));
#2459=DIRECTION('ref_axis',(1.,0.,0.));
#2460=DIRECTION('center_axis',(-1.,0.,0.));
#2461=DIRECTION('ref_axis',(0.,-1.,0.));
#2462=DIRECTION('',(0.,1.,0.));
#2463=DIRECTION('center_axis',(0.,-1.,0.));
#2464=DIRECTION('ref_axis',(1.,0.,0.));
#2465=DIRECTION('',(0.,0.,1.));
#2466=DIRECTION('',(-1.,0.,0.));
#2467=DIRECTION('center_axis',(-1.,0.,0.));
#2468=DIRECTION('ref_axis',(0.,-1.,0.));
#2469=DIRECTION('',(0.,1.,0.));
#2470=DIRECTION('center_axis',(0.,1.,0.));
#2471=DIRECTION('ref_axis',(-1.,0.,0.));
#2472=DIRECTION('',(1.,0.,0.));
#2473=DIRECTION('',(0.,0.,1.));
#2474=DIRECTION('',(-1.,0.,0.));
#2475=DIRECTION('',(0.,0.,1.));
#2476=DIRECTION('center_axis',(1.,0.,0.));
#2477=DIRECTION('ref_axis',(0.,1.,0.));
#2478=DIRECTION('',(0.,-1.,0.));
#2479=DIRECTION('',(0.,1.,0.));
#2480=DIRECTION('',(0.,0.,1.));
#2481=DIRECTION('center_axis',(0.,-1.,0.));
#2482=DIRECTION('ref_axis',(1.,0.,0.));
#2483=DIRECTION('',(-1.,0.,0.));
#2484=DIRECTION('',(1.,0.,0.));
#2485=DIRECTION('',(0.,0.,1.));
#2486=DIRECTION('center_axis',(-1.,0.,0.));
#2487=DIRECTION('ref_axis',(0.,-1.,0.));
#2488=DIRECTION('',(0.,1.,0.));
#2489=DIRECTION('',(0.,-1.,0.));
#2490=DIRECTION('center_axis',(0.,0.,1.));
#2491=DIRECTION('ref_axis',(1.,0.,0.));
#2492=DIRECTION('center_axis',(-1.,0.,0.));
#2493=DIRECTION('ref_axis',(0.,-1.,0.));
#2494=DIRECTION('',(0.,0.,1.));
#2495=DIRECTION('',(0.,1.,0.));
#2496=DIRECTION('',(0.,0.,1.));
#2497=DIRECTION('center_axis',(0.,1.,0.));
#2498=DIRECTION('ref_axis',(-1.,0.,0.));
#2499=DIRECTION('',(1.,0.,0.));
#2500=DIRECTION('center_axis',(-1.,0.,0.));
#2501=DIRECTION('ref_axis',(0.,-1.,0.));
#2502=DIRECTION('',(0.,0.,1.));
#2503=DIRECTION('',(0.,1.,0.));
#2504=DIRECTION('center_axis',(0.,-1.,0.));
#2505=DIRECTION('ref_axis',(1.,0.,0.));
#2506=DIRECTION('',(-1.,0.,0.));
#2507=DIRECTION('center_axis',(0.,0.,1.));
#2508=DIRECTION('ref_axis',(1.,0.,0.));
#2509=DIRECTION('center_axis',(0.,0.,-1.));
#2510=DIRECTION('ref_axis',(1.,0.,0.));
#2511=DIRECTION('',(0.,0.,-1.));
#2512=DIRECTION('center_axis',(0.,0.,1.));
#2513=DIRECTION('ref_axis',(1.,0.,0.));
#2514=DIRECTION('center_axis',(0.,0.,-1.));
#2515=DIRECTION('ref_axis',(1.,0.,0.));
#2516=DIRECTION('',(0.,0.,-1.));
#2517=DIRECTION('center_axis',(0.,0.,1.));
#2518=DIRECTION('ref_axis',(1.,0.,0.));
#2519=DIRECTION('center_axis',(0.,0.,-1.));
#2520=DIRECTION('ref_axis',(1.,0.,0.));
#2521=DIRECTION('',(0.,0.,-1.));
#2522=DIRECTION('center_axis',(0.,0.,1.));
#2523=DIRECTION('ref_axis',(1.,0.,0.));
#2524=DIRECTION('center_axis',(0.,0.,-1.));
#2525=DIRECTION('ref_axis',(1.,0.,0.));
#2526=DIRECTION('',(0.,0.,-1.));
#2527=DIRECTION('center_axis',(0.,1.,0.));
#2528=DIRECTION('ref_axis',(-1.,0.,0.));
#2529=DIRECTION('',(0.,0.,-1.));
#2530=DIRECTION('',(-1.,0.,0.));
#2531=DIRECTION('',(0.,0.,1.));
#2532=DIRECTION('center_axis',(1.,0.,0.));
#2533=DIRECTION('ref_axis',(0.,1.,0.));
#2534=DIRECTION('',(0.,1.,0.));
#2535=DIRECTION('',(0.,0.,1.));
#2536=DIRECTION('center_axis',(-2.81498680772315E-33,-1.,0.));
#2537=DIRECTION('ref_axis',(1.,-2.81498680772315E-33,0.));
#2538=DIRECTION('',(1.,-2.81498680772315E-33,0.));
#2539=DIRECTION('',(0.,0.,1.));
#2540=DIRECTION('center_axis',(-1.,-2.03332926662289E-33,0.));
#2541=DIRECTION('ref_axis',(2.03332926662289E-33,-1.,0.));
#2542=DIRECTION('',(2.03332926662289E-33,-1.,0.));
#2543=DIRECTION('center_axis',(0.,0.,1.));
#2544=DIRECTION('ref_axis',(1.,0.,0.));
#2545=CARTESIAN_POINT('',(0.,0.,0.));
#2546=CARTESIAN_POINT('Origin',(375.217100424218,123.49999723956,7.0062937256953));
#2547=CARTESIAN_POINT('',(385.212889362258,123.49999723956,7.0062937256953));
#2548=CARTESIAN_POINT('',(375.217100424218,123.49999723956,7.0062937256953));
#2549=CARTESIAN_POINT('',(375.217100424218,123.49999723956,7.0062937256953));
#2550=CARTESIAN_POINT('',(385.212889362258,121.99999723956,7.0062937256953));
#2551=CARTESIAN_POINT('',(385.212889362258,123.49999723956,7.0062937256953));
#2552=CARTESIAN_POINT('',(375.217100424218,121.99999723956,7.0062937256953));
#2553=CARTESIAN_POINT('',(385.212889362258,121.99999723956,7.0062937256953));
#2554=CARTESIAN_POINT('',(375.217100424218,123.49999723956,7.0062937256953));
#2555=CARTESIAN_POINT('Origin',(380.214994893238,121.99999723956,7.71372210762015));
#2556=CARTESIAN_POINT('',(385.212889362258,121.99999723956,8.421150489545));
#2557=CARTESIAN_POINT('',(385.212889362258,121.99999723956,8.421150489545));
#2558=CARTESIAN_POINT('',(375.217100424218,121.99999723956,8.421150489545));
#2559=CARTESIAN_POINT('',(375.217100424218,121.99999723956,8.421150489545));
#2560=CARTESIAN_POINT('',(375.217100424218,121.99999723956,7.0062937256953));
#2561=CARTESIAN_POINT('Origin',(375.217100424218,123.49999723956,0.421150489545));
#2562=CARTESIAN_POINT('',(375.217100424218,123.49999723956,3.921150489545));
#2563=CARTESIAN_POINT('',(375.217100424218,123.49999723956,0.421150489545));
#2564=CARTESIAN_POINT('',(385.212889362258,123.49999723956,3.921150489545));
#2565=CARTESIAN_POINT('',(375.217100424218,123.49999723956,3.921150489545));
#2566=CARTESIAN_POINT('',(385.212889362258,123.49999723956,0.421150489545));
#2567=CARTESIAN_POINT('Origin',(431.787110637742,123.49999723956,7.00415068799972));
#2568=CARTESIAN_POINT('',(441.762889362258,123.49999723956,7.00415068799972));
#2569=CARTESIAN_POINT('',(431.787110637742,123.49999723956,7.00415068799972));
#2570=CARTESIAN_POINT('',(431.77710553098,123.49999723956,7.00415068799972));
#2571=CARTESIAN_POINT('',(441.782899575782,123.49999723956,7.00415068799972));
#2572=CARTESIAN_POINT('',(431.787110637742,123.49999723956,7.00415068799972));
#2573=CARTESIAN_POINT('',(441.782899575782,121.99999723956,7.00415068799972));
#2574=CARTESIAN_POINT('',(441.782899575782,123.49999723956,7.00415068799972));
#2575=CARTESIAN_POINT('',(431.787110637742,121.99999723956,7.00415068799972));
#2576=CARTESIAN_POINT('',(431.787110637742,121.99999723956,7.00415068799972));
#2577=CARTESIAN_POINT('',(431.787110637742,123.49999723956,7.00415068799972));
#2578=CARTESIAN_POINT('Origin',(431.787110637742,123.49999723956,8.421150489545));
#2579=CARTESIAN_POINT('',(431.787110637742,123.49999723956,8.421150489545));
#2580=CARTESIAN_POINT('',(431.787110637742,123.49999723956,4.421150489545));
#2581=CARTESIAN_POINT('',(431.787110637742,121.99999723956,8.421150489545));
#2582=CARTESIAN_POINT('',(431.787110637742,121.99999723956,8.421150489545));
#2583=CARTESIAN_POINT('',(431.787110637742,123.49999723956,8.421150489545));
#2584=CARTESIAN_POINT('Origin',(441.782899575782,123.49999723956,7.00415068799972));
#2585=CARTESIAN_POINT('',(441.782899575782,123.49999723956,8.421150489545));
#2586=CARTESIAN_POINT('',(441.782899575782,123.49999723956,7.00415068799972));
#2587=CARTESIAN_POINT('',(441.782899575782,121.99999723956,8.421150489545));
#2588=CARTESIAN_POINT('',(441.782899575782,123.49999723956,8.421150489545));
#2589=CARTESIAN_POINT('',(441.782899575782,121.99999723956,7.00415068799972));
#2590=CARTESIAN_POINT('Origin',(436.785005106762,121.99999723956,7.71265058877236));
#2591=CARTESIAN_POINT('',(441.782899575782,121.99999723956,8.421150489545));
#2592=CARTESIAN_POINT('Origin',(436.785005106762,123.49999723956,7.71265058877236));
#2593=CARTESIAN_POINT('',(441.762889362258,123.49999723956,8.421150489545));
#2594=CARTESIAN_POINT('',(441.762889362258,123.49999723956,0.421150489545));
#2595=CARTESIAN_POINT('',(441.782899575782,123.49999723956,8.421150489545));
#2596=CARTESIAN_POINT('Origin',(393.987110637742,123.49999723956,7.00415068799972));
#2597=CARTESIAN_POINT('',(393.987110637742,123.49999723956,7.00415068799972));
#2598=CARTESIAN_POINT('',(394.017100424218,123.49999723956,7.00415068799972));
#2599=CARTESIAN_POINT('',(393.987110637742,123.49999723956,7.00415068799972));
#2600=CARTESIAN_POINT('',(403.982899575782,123.49999723956,7.00415068799972));
#2601=CARTESIAN_POINT('',(394.00210553098,123.49999723956,7.00415068799972));
#2602=CARTESIAN_POINT('',(403.982899575782,121.99999723956,7.00415068799972));
#2603=CARTESIAN_POINT('',(403.982899575782,123.49999723956,7.00415068799972));
#2604=CARTESIAN_POINT('',(393.987110637742,121.99999723956,7.00415068799972));
#2605=CARTESIAN_POINT('',(393.987110637742,121.99999723956,7.00415068799972));
#2606=CARTESIAN_POINT('',(393.987110637742,123.49999723956,7.00415068799972));
#2607=CARTESIAN_POINT('Origin',(393.987110637742,123.49999723956,8.421150489545));
#2608=CARTESIAN_POINT('',(393.987110637742,123.49999723956,8.421150489545));
#2609=CARTESIAN_POINT('',(393.987110637742,123.49999723956,8.421150489545));
#2610=CARTESIAN_POINT('',(393.987110637742,121.99999723956,8.421150489545));
#2611=CARTESIAN_POINT('',(393.987110637742,121.99999723956,8.421150489545));
#2612=CARTESIAN_POINT('',(393.987110637742,123.49999723956,8.421150489545));
#2613=CARTESIAN_POINT('Origin',(403.982899575782,123.49999723956,7.00415068799972));
#2614=CARTESIAN_POINT('',(403.982899575782,123.49999723956,8.421150489545));
#2615=CARTESIAN_POINT('',(403.982899575782,123.49999723956,3.71265058877236));
#2616=CARTESIAN_POINT('',(403.982899575782,121.99999723956,8.421150489545));
#2617=CARTESIAN_POINT('',(403.982899575782,123.49999723956,8.421150489545));
#2618=CARTESIAN_POINT('',(403.982899575782,121.99999723956,7.00415068799972));
#2619=CARTESIAN_POINT('Origin',(398.985005106762,121.99999723956,7.71265058877236));
#2620=CARTESIAN_POINT('',(403.982899575782,121.99999723956,8.421150489545));
#2621=CARTESIAN_POINT('Origin',(398.985005106762,123.49999723956,7.71265058877236));
#2622=CARTESIAN_POINT('',(394.017100424218,123.49999723956,8.421150489545));
#2623=CARTESIAN_POINT('',(394.017100424218,123.49999723956,0.421150489545));
#2624=CARTESIAN_POINT('',(403.982899575782,123.49999723956,8.421150489545));
#2625=CARTESIAN_POINT('Origin',(412.787110637742,123.49999723956,7.00415068799972));
#2626=CARTESIAN_POINT('',(412.787110637742,123.49999723956,7.00415068799972));
#2627=CARTESIAN_POINT('',(412.817100424218,123.49999723956,7.00415068799972));
#2628=CARTESIAN_POINT('',(412.787110637742,123.49999723956,7.00415068799972));
#2629=CARTESIAN_POINT('',(422.782899575782,123.49999723956,7.00415068799972));
#2630=CARTESIAN_POINT('',(412.80210553098,123.49999723956,7.00415068799972));
#2631=CARTESIAN_POINT('',(422.782899575782,121.99999723956,7.00415068799972));
#2632=CARTESIAN_POINT('',(422.782899575782,123.49999723956,7.00415068799972));
#2633=CARTESIAN_POINT('',(412.787110637742,121.99999723956,7.00415068799972));
#2634=CARTESIAN_POINT('',(412.787110637742,121.99999723956,7.00415068799972));
#2635=CARTESIAN_POINT('',(412.787110637742,123.49999723956,7.00415068799972));
#2636=CARTESIAN_POINT('Origin',(412.787110637742,123.49999723956,8.421150489545));
#2637=CARTESIAN_POINT('',(412.787110637742,123.49999723956,8.421150489545));
#2638=CARTESIAN_POINT('',(412.787110637742,123.49999723956,8.421150489545));
#2639=CARTESIAN_POINT('',(412.787110637742,121.99999723956,8.421150489545));
#2640=CARTESIAN_POINT('',(412.787110637742,121.99999723956,8.421150489545));
#2641=CARTESIAN_POINT('',(412.787110637742,123.49999723956,8.421150489545));
#2642=CARTESIAN_POINT('Origin',(422.782899575782,123.49999723956,7.00415068799972));
#2643=CARTESIAN_POINT('',(422.782899575782,123.49999723956,8.421150489545));
#2644=CARTESIAN_POINT('',(422.782899575782,123.49999723956,3.71265058877236));
#2645=CARTESIAN_POINT('',(422.782899575782,121.99999723956,8.421150489545));
#2646=CARTESIAN_POINT('',(422.782899575782,123.49999723956,8.421150489545));
#2647=CARTESIAN_POINT('',(422.782899575782,121.99999723956,7.00415068799972));
#2648=CARTESIAN_POINT('Origin',(417.785005106762,121.99999723956,7.71265058877236));
#2649=CARTESIAN_POINT('',(422.782899575782,121.99999723956,8.421150489545));
#2650=CARTESIAN_POINT('Origin',(417.785005106762,123.49999723956,7.71265058877236));
#2651=CARTESIAN_POINT('',(412.817100424218,123.49999723956,8.421150489545));
#2652=CARTESIAN_POINT('',(412.817100424218,123.49999723956,0.421150489545));
#2653=CARTESIAN_POINT('',(422.782899575782,123.49999723956,8.421150489545));
#2654=CARTESIAN_POINT('Origin',(385.212889362258,111.499997507781,7.00415068799972));
#2655=CARTESIAN_POINT('',(375.217100424218,111.499997507781,7.00415068799972));
#2656=CARTESIAN_POINT('',(385.212889362258,111.499997507781,7.00415068799972));
#2657=CARTESIAN_POINT('',(385.212889362258,111.499997507781,7.00415068799972));
#2658=CARTESIAN_POINT('',(375.217100424218,112.999997507781,7.00415068799972));
#2659=CARTESIAN_POINT('',(375.217100424218,111.499997507781,7.00415068799972));
#2660=CARTESIAN_POINT('',(385.212889362258,112.999997507781,7.00415068799972));
#2661=CARTESIAN_POINT('',(385.212889362258,112.999997507781,7.00415068799972));
#2662=CARTESIAN_POINT('',(385.212889362258,111.499997507781,7.00415068799972));
#2663=CARTESIAN_POINT('Origin',(380.214994893238,112.999997507781,7.71265058877236));
#2664=CARTESIAN_POINT('',(375.217100424218,112.999997507781,8.421150489545));
#2665=CARTESIAN_POINT('',(375.217100424218,112.999997507781,7.00415068799972));
#2666=CARTESIAN_POINT('',(385.212889362258,112.999997507781,8.421150489545));
#2667=CARTESIAN_POINT('',(375.217100424218,112.999997507781,8.421150489545));
#2668=CARTESIAN_POINT('',(385.212889362258,112.999997507781,8.421150489545));
#2669=CARTESIAN_POINT('Origin',(441.762889362258,111.499997507781,7.00415068799972));
#2670=CARTESIAN_POINT('',(431.767100424218,111.499997507781,7.00415068799972));
#2671=CARTESIAN_POINT('',(441.762889362258,111.499997507781,7.00415068799972));
#2672=CARTESIAN_POINT('',(441.762889362258,111.499997507781,7.00415068799972));
#2673=CARTESIAN_POINT('',(431.767100424218,112.999997507781,7.00415068799972));
#2674=CARTESIAN_POINT('',(431.767100424218,111.499997507781,7.00415068799972));
#2675=CARTESIAN_POINT('',(441.762889362258,112.999997507781,7.00415068799972));
#2676=CARTESIAN_POINT('',(441.762889362258,112.999997507781,7.00415068799972));
#2677=CARTESIAN_POINT('',(441.762889362258,111.499997507781,7.00415068799972));
#2678=CARTESIAN_POINT('Origin',(436.764994893238,112.999997507781,7.71265058877236));
#2679=CARTESIAN_POINT('',(441.762889362258,112.999997507781,8.421150489545));
#2680=CARTESIAN_POINT('',(441.762889362258,112.999997507781,8.421150489545));
#2681=CARTESIAN_POINT('',(431.767100424218,112.999997507781,8.421150489545));
#2682=CARTESIAN_POINT('',(431.767100424218,112.999997507781,7.00415068799972));
#2683=CARTESIAN_POINT('',(431.767100424218,112.999997507781,8.421150489545));
#2684=CARTESIAN_POINT('Origin',(404.012889362258,111.499997507781,7.00415068799972));
#2685=CARTESIAN_POINT('',(394.017100424218,111.499997507781,7.00415068799972));
#2686=CARTESIAN_POINT('',(404.012889362258,111.499997507781,7.00415068799972));
#2687=CARTESIAN_POINT('',(404.012889362258,111.499997507781,7.00415068799972));
#2688=CARTESIAN_POINT('',(394.017100424218,112.999997507781,7.00415068799972));
#2689=CARTESIAN_POINT('',(394.017100424218,111.499997507781,7.00415068799972));
#2690=CARTESIAN_POINT('',(404.012889362258,112.999997507781,7.00415068799972));
#2691=CARTESIAN_POINT('',(404.012889362258,112.999997507781,7.00415068799972));
#2692=CARTESIAN_POINT('',(404.012889362258,111.499997507781,7.00415068799972));
#2693=CARTESIAN_POINT('Origin',(399.014994893238,112.999997507781,7.71265058877236));
#2694=CARTESIAN_POINT('',(404.012889362258,112.999997507781,8.421150489545));
#2695=CARTESIAN_POINT('',(404.012889362258,112.999997507781,8.421150489545));
#2696=CARTESIAN_POINT('',(394.017100424218,112.999997507781,8.421150489545));
#2697=CARTESIAN_POINT('',(394.017100424218,112.999997507781,7.00415068799972));
#2698=CARTESIAN_POINT('',(394.017100424218,112.999997507781,8.421150489545));
#2699=CARTESIAN_POINT('Origin',(422.812889362258,111.499997507781,7.00415068799972));
#2700=CARTESIAN_POINT('',(412.817100424218,111.499997507781,7.00415068799972));
#2701=CARTESIAN_POINT('',(422.812889362258,111.499997507781,7.00415068799972));
#2702=CARTESIAN_POINT('',(422.812889362258,111.499997507781,7.00415068799972));
#2703=CARTESIAN_POINT('',(412.817100424218,112.999997507781,7.00415068799972));
#2704=CARTESIAN_POINT('',(412.817100424218,111.499997507781,7.00415068799972));
#2705=CARTESIAN_POINT('',(422.812889362258,112.999997507781,7.00415068799972));
#2706=CARTESIAN_POINT('',(422.812889362258,112.999997507781,7.00415068799972));
#2707=CARTESIAN_POINT('',(422.812889362258,111.499997507781,7.00415068799972));
#2708=CARTESIAN_POINT('Origin',(417.814994893238,112.999997507781,7.71265058877236));
#2709=CARTESIAN_POINT('',(422.812889362258,112.999997507781,8.421150489545));
#2710=CARTESIAN_POINT('',(422.812889362258,112.999997507781,8.421150489545));
#2711=CARTESIAN_POINT('',(412.817100424218,112.999997507781,8.421150489545));
#2712=CARTESIAN_POINT('',(412.817100424218,112.999997507781,7.00415068799972));
#2713=CARTESIAN_POINT('',(412.817100424218,112.999997507781,8.421150489545));
#2714=CARTESIAN_POINT('Origin',(441.762889362258,111.499997507781,0.421150489545));
#2715=CARTESIAN_POINT('',(441.762889362258,111.499997507781,3.921150489545));
#2716=CARTESIAN_POINT('',(441.762889362258,111.499997507781,0.421150489545));
#2717=CARTESIAN_POINT('',(431.767100424218,111.499997507781,3.921150489545));
#2718=CARTESIAN_POINT('',(441.762889362258,111.499997507781,3.921150489545));
#2719=CARTESIAN_POINT('',(431.767100424218,111.499997507781,0.421150489545));
#2720=CARTESIAN_POINT('Origin',(431.767100424218,110.099997507781,0.421150489545));
#2721=CARTESIAN_POINT('',(441.762889362258,110.099997507781,0.421150489545));
#2722=CARTESIAN_POINT('',(431.767100424218,110.099997507781,0.421150489545));
#2723=CARTESIAN_POINT('',(412.90507396136,110.099997507781,0.421150489545));
#2724=CARTESIAN_POINT('',(441.762889362258,110.099997507781,8.421150489545));
#2725=CARTESIAN_POINT('',(441.762889362258,110.099997507781,0.421150489545));
#2726=CARTESIAN_POINT('',(431.767100424218,110.099997507781,8.421150489545));
#2727=CARTESIAN_POINT('',(431.767100424218,110.099997507781,8.421150489545));
#2728=CARTESIAN_POINT('',(431.767100424218,110.099997507781,0.421150489545));
#2729=CARTESIAN_POINT('Origin',(436.764994893238,110.799997507781,8.421150489545));
#2730=CARTESIAN_POINT('',(431.767100424218,111.499997507781,8.421150489545));
#2731=CARTESIAN_POINT('',(441.762889362258,110.099997507781,8.421150489545));
#2732=CARTESIAN_POINT('Origin',(404.012889362258,111.499997507781,0.421150489545));
#2733=CARTESIAN_POINT('',(404.012889362258,111.499997507781,3.921150489545));
#2734=CARTESIAN_POINT('',(404.012889362258,111.499997507781,0.421150489545));
#2735=CARTESIAN_POINT('',(394.017100424218,111.499997507781,3.921150489545));
#2736=CARTESIAN_POINT('',(404.012889362258,111.499997507781,3.921150489545));
#2737=CARTESIAN_POINT('',(394.017100424218,111.499997507781,0.421150489545));
#2738=CARTESIAN_POINT('Origin',(394.017100424218,110.099997507781,0.421150489545));
#2739=CARTESIAN_POINT('',(404.012889362258,110.099997507781,0.421150489545));
#2740=CARTESIAN_POINT('',(394.017100424218,110.099997507781,0.421150489545));
#2741=CARTESIAN_POINT('',(394.030073961361,110.099997507781,0.421150489545));
#2742=CARTESIAN_POINT('',(404.012889362258,110.099997507781,8.421150489545));
#2743=CARTESIAN_POINT('',(404.012889362258,110.099997507781,0.421150489545));
#2744=CARTESIAN_POINT('',(394.017100424218,110.099997507781,8.421150489545));
#2745=CARTESIAN_POINT('',(394.017100424218,110.099997507781,8.421150489545));
#2746=CARTESIAN_POINT('',(394.017100424218,110.099997507781,0.421150489545));
#2747=CARTESIAN_POINT('Origin',(399.014994893238,110.799997507781,8.421150489545));
#2748=CARTESIAN_POINT('',(394.017100424218,111.499997507781,8.421150489545));
#2749=CARTESIAN_POINT('',(404.012889362258,110.099997507781,8.421150489545));
#2750=CARTESIAN_POINT('Origin',(385.212889362258,124.89999723956,0.421150489545));
#2751=CARTESIAN_POINT('',(375.217100424218,124.89999723956,0.421150489545));
#2752=CARTESIAN_POINT('',(385.212889362258,124.89999723956,0.421150489545));
#2753=CARTESIAN_POINT('',(389.627968430381,124.89999723956,0.421150489545));
#2754=CARTESIAN_POINT('',(375.217100424218,124.89999723956,8.421150489545));
#2755=CARTESIAN_POINT('',(375.217100424218,124.89999723956,0.421150489545));
#2756=CARTESIAN_POINT('',(385.212889362258,124.89999723956,8.421150489545));
#2757=CARTESIAN_POINT('',(385.212889362258,124.89999723956,8.421150489545));
#2758=CARTESIAN_POINT('',(385.212889362258,124.89999723956,0.421150489545));
#2759=CARTESIAN_POINT('Origin',(380.214994893238,124.19999723956,8.421150489545));
#2760=CARTESIAN_POINT('',(385.212889362258,123.49999723956,8.421150489545));
#2761=CARTESIAN_POINT('',(375.217100424218,124.89999723956,8.421150489545));
#2762=CARTESIAN_POINT('Origin',(412.817100424218,123.49999723956,0.421150489545));
#2763=CARTESIAN_POINT('',(412.817100424218,123.49999723956,3.921150489545));
#2764=CARTESIAN_POINT('',(412.817100424218,123.49999723956,0.421150489545));
#2765=CARTESIAN_POINT('',(422.812889362258,123.49999723956,3.921150489545));
#2766=CARTESIAN_POINT('',(412.817100424218,123.49999723956,3.921150489545));
#2767=CARTESIAN_POINT('',(422.812889362258,123.49999723956,8.421150489545));
#2768=CARTESIAN_POINT('',(422.812889362258,123.49999723956,0.421150489545));
#2769=CARTESIAN_POINT('',(412.817100424218,123.49999723956,8.421150489545));
#2770=CARTESIAN_POINT('Origin',(422.812889362258,124.89999723956,0.421150489545));
#2771=CARTESIAN_POINT('',(412.817100424218,124.89999723956,0.421150489545));
#2772=CARTESIAN_POINT('',(422.812889362258,124.89999723956,0.421150489545));
#2773=CARTESIAN_POINT('',(408.427968430381,124.89999723956,0.421150489545));
#2774=CARTESIAN_POINT('',(412.817100424218,124.89999723956,8.421150489545));
#2775=CARTESIAN_POINT('',(412.817100424218,124.89999723956,0.421150489545));
#2776=CARTESIAN_POINT('',(422.812889362258,124.89999723956,8.421150489545));
#2777=CARTESIAN_POINT('',(422.812889362258,124.89999723956,8.421150489545));
#2778=CARTESIAN_POINT('',(422.812889362258,124.89999723956,0.421150489545));
#2779=CARTESIAN_POINT('Origin',(417.814994893238,124.19999723956,8.421150489545));
#2780=CARTESIAN_POINT('',(422.812889362258,123.49999723956,8.421150489545));
#2781=CARTESIAN_POINT('',(412.817100424218,124.89999723956,8.421150489545));
#2782=CARTESIAN_POINT('Origin',(431.767100424218,123.49999723956,0.421150489545));
#2783=CARTESIAN_POINT('',(431.767100424218,123.49999723956,8.421150489545));
#2784=CARTESIAN_POINT('',(431.767100424218,123.49999723956,8.421150489545));
#2785=CARTESIAN_POINT('',(431.767100424218,123.49999723956,3.921150489545));
#2786=CARTESIAN_POINT('',(431.767100424218,123.49999723956,0.421150489545));
#2787=CARTESIAN_POINT('',(441.762889362258,123.49999723956,3.921150489545));
#2788=CARTESIAN_POINT('',(431.767100424218,123.49999723956,3.921150489545));
#2789=CARTESIAN_POINT('',(441.762889362258,123.49999723956,0.421150489545));
#2790=CARTESIAN_POINT('Origin',(441.762889362258,124.89999723956,0.421150489545));
#2791=CARTESIAN_POINT('',(431.767100424218,124.89999723956,0.421150489545));
#2792=CARTESIAN_POINT('',(441.762889362258,124.89999723956,0.421150489545));
#2793=CARTESIAN_POINT('',(417.902968430381,124.89999723956,0.421150489545));
#2794=CARTESIAN_POINT('',(431.767100424218,124.89999723956,8.421150489545));
#2795=CARTESIAN_POINT('',(431.767100424218,124.89999723956,0.421150489545));
#2796=CARTESIAN_POINT('',(441.762889362258,124.89999723956,8.421150489545));
#2797=CARTESIAN_POINT('',(441.762889362258,124.89999723956,8.421150489545));
#2798=CARTESIAN_POINT('',(441.762889362258,124.89999723956,0.421150489545));
#2799=CARTESIAN_POINT('Origin',(436.764994893238,124.19999723956,8.421150489545));
#2800=CARTESIAN_POINT('',(441.762889362258,123.49999723956,8.421150489545));
#2801=CARTESIAN_POINT('',(431.767100424218,124.89999723956,8.421150489545));
#2802=CARTESIAN_POINT('Origin',(394.017100424218,123.49999723956,0.421150489545));
#2803=CARTESIAN_POINT('',(394.017100424218,123.49999723956,3.921150489545));
#2804=CARTESIAN_POINT('',(394.017100424218,123.49999723956,0.421150489545));
#2805=CARTESIAN_POINT('',(404.012889362258,123.49999723956,3.921150489545));
#2806=CARTESIAN_POINT('',(394.017100424218,123.49999723956,3.921150489545));
#2807=CARTESIAN_POINT('',(404.012889362258,123.49999723956,8.421150489545));
#2808=CARTESIAN_POINT('',(404.012889362258,123.49999723956,0.421150489545));
#2809=CARTESIAN_POINT('',(394.017100424218,123.49999723956,8.421150489545));
#2810=CARTESIAN_POINT('Origin',(404.012889362258,124.89999723956,0.421150489545));
#2811=CARTESIAN_POINT('',(394.017100424218,124.89999723956,0.421150489545));
#2812=CARTESIAN_POINT('',(404.012889362258,124.89999723956,0.421150489545));
#2813=CARTESIAN_POINT('',(399.027968430381,124.89999723956,0.421150489545));
#2814=CARTESIAN_POINT('',(394.017100424218,124.89999723956,8.421150489545));
#2815=CARTESIAN_POINT('',(394.017100424218,124.89999723956,0.421150489545));
#2816=CARTESIAN_POINT('',(404.012889362258,124.89999723956,8.421150489545));
#2817=CARTESIAN_POINT('',(404.012889362258,124.89999723956,8.421150489545));
#2818=CARTESIAN_POINT('',(404.012889362258,124.89999723956,0.421150489545));
#2819=CARTESIAN_POINT('Origin',(399.014994893238,124.19999723956,8.421150489545));
#2820=CARTESIAN_POINT('',(404.012889362258,123.49999723956,8.421150489545));
#2821=CARTESIAN_POINT('',(394.017100424218,124.89999723956,8.421150489545));
#2822=CARTESIAN_POINT('Origin',(375.217100424218,110.099997507781,0.421150489545));
#2823=CARTESIAN_POINT('',(385.212889362258,110.099997507781,0.421150489545));
#2824=CARTESIAN_POINT('',(375.217100424218,110.099997507781,0.421150489545));
#2825=CARTESIAN_POINT('',(384.63007396136,110.099997507781,0.421150489545));
#2826=CARTESIAN_POINT('',(385.212889362258,110.099997507781,8.421150489545));
#2827=CARTESIAN_POINT('',(385.212889362258,110.099997507781,0.421150489545));
#2828=CARTESIAN_POINT('',(375.217100424218,110.099997507781,8.421150489545));
#2829=CARTESIAN_POINT('',(375.217100424218,110.099997507781,8.421150489545));
#2830=CARTESIAN_POINT('',(375.217100424218,110.099997507781,0.421150489545));
#2831=CARTESIAN_POINT('Origin',(385.212889362258,111.499997507781,0.421150489545));
#2832=CARTESIAN_POINT('',(385.212889362258,111.499997507781,3.921150489545));
#2833=CARTESIAN_POINT('',(385.212889362258,111.499997507781,0.421150489545));
#2834=CARTESIAN_POINT('',(375.217100424218,111.499997507781,3.921150489545));
#2835=CARTESIAN_POINT('',(385.212889362258,111.499997507781,3.921150489545));
#2836=CARTESIAN_POINT('',(375.217100424218,111.499997507781,0.421150489545));
#2837=CARTESIAN_POINT('Origin',(380.214994893238,110.799997507781,8.421150489545));
#2838=CARTESIAN_POINT('',(385.212889362258,110.099997507781,8.421150489545));
#2839=CARTESIAN_POINT('',(375.217100424218,111.499997507781,8.421150489545));
#2840=CARTESIAN_POINT('Origin',(422.812889362258,111.499997507781,0.421150489545));
#2841=CARTESIAN_POINT('',(422.812889362258,111.499997507781,3.921150489545));
#2842=CARTESIAN_POINT('',(422.812889362258,111.499997507781,0.421150489545));
#2843=CARTESIAN_POINT('',(412.817100424218,111.499997507781,3.921150489545));
#2844=CARTESIAN_POINT('',(422.812889362258,111.499997507781,3.921150489545));
#2845=CARTESIAN_POINT('',(412.817100424218,111.499997507781,0.421150489545));
#2846=CARTESIAN_POINT('Origin',(412.817100424218,110.099997507781,0.421150489545));
#2847=CARTESIAN_POINT('',(422.812889362258,110.099997507781,0.421150489545));
#2848=CARTESIAN_POINT('',(412.817100424218,110.099997507781,0.421150489545));
#2849=CARTESIAN_POINT('',(403.430073961361,110.099997507781,0.421150489545));
#2850=CARTESIAN_POINT('',(422.812889362258,110.099997507781,8.421150489545));
#2851=CARTESIAN_POINT('',(422.812889362258,110.099997507781,0.421150489545));
#2852=CARTESIAN_POINT('',(412.817100424218,110.099997507781,8.421150489545));
#2853=CARTESIAN_POINT('',(412.817100424218,110.099997507781,8.421150489545));
#2854=CARTESIAN_POINT('',(412.817100424218,110.099997507781,0.421150489545));
#2855=CARTESIAN_POINT('Origin',(417.814994893238,110.799997507781,8.421150489545));
#2856=CARTESIAN_POINT('',(412.817100424218,111.499997507781,8.421150489545));
#2857=CARTESIAN_POINT('',(422.812889362258,110.099997507781,8.421150489545));
#2858=CARTESIAN_POINT('Origin',(431.767100424218,123.49999723956,0.421150489545));
#2859=CARTESIAN_POINT('',(431.767100424218,114.373265442057,0.421150489545));
#2860=CARTESIAN_POINT('',(431.767100424218,111.499997507781,3.921150489545));
#2861=CARTESIAN_POINT('Origin',(441.762889362258,111.499997507781,0.421150489545));
#2862=CARTESIAN_POINT('',(441.762889362258,113.673265442057,0.421150489545));
#2863=CARTESIAN_POINT('',(441.762889362258,123.49999723956,3.921150489545));
#2864=CARTESIAN_POINT('Origin',(436.764994893238,117.49999737367,3.921150489545));
#2865=CARTESIAN_POINT('Origin',(385.212889362258,111.499997507781,0.421150489545));
#2866=CARTESIAN_POINT('',(385.212889362258,120.373265307946,0.421150489545));
#2867=CARTESIAN_POINT('',(385.212889362258,123.49999723956,3.921150489545));
#2868=CARTESIAN_POINT('Origin',(375.217100424218,123.49999723956,0.421150489545));
#2869=CARTESIAN_POINT('',(375.217100424218,121.073265307946,0.421150489545));
#2870=CARTESIAN_POINT('',(375.217100424218,111.499997507781,3.921150489545));
#2871=CARTESIAN_POINT('Origin',(380.214994893238,117.49999737367,3.921150489545));
#2872=CARTESIAN_POINT('Origin',(412.817100424218,123.49999723956,0.421150489545));
#2873=CARTESIAN_POINT('',(412.817100424218,114.373265442057,0.421150489545));
#2874=CARTESIAN_POINT('',(412.817100424218,111.499997507781,3.921150489545));
#2875=CARTESIAN_POINT('Origin',(422.812889362258,111.499997507781,0.421150489545));
#2876=CARTESIAN_POINT('',(422.812889362258,120.373265307946,0.421150489545));
#2877=CARTESIAN_POINT('',(422.812889362258,123.49999723956,3.921150489545));
#2878=CARTESIAN_POINT('Origin',(417.814994893238,117.49999737367,3.921150489545));
#2879=CARTESIAN_POINT('Origin',(394.017100424218,123.49999723956,0.421150489545));
#2880=CARTESIAN_POINT('',(394.017100424218,114.373265442057,0.421150489545));
#2881=CARTESIAN_POINT('',(394.017100424218,111.499997507781,3.921150489545));
#2882=CARTESIAN_POINT('Origin',(404.012889362258,111.499997507781,0.421150489545));
#2883=CARTESIAN_POINT('',(404.012889362258,113.673265442057,0.421150489545));
#2884=CARTESIAN_POINT('',(404.012889362258,123.49999723956,3.921150489545));
#2885=CARTESIAN_POINT('Origin',(399.014994893238,117.49999737367,3.921150489545));
#2886=CARTESIAN_POINT('Origin',(345.333069188244,128.594904911795,0.421150489545));
#2887=CARTESIAN_POINT('',(345.648069188244,128.594904911795,0.421150489545));
#2888=CARTESIAN_POINT('Origin',(345.333069188244,128.594904911795,0.421150489545));
#2889=CARTESIAN_POINT('',(345.648069188244,128.594904911795,-0.578849510455));
#2890=CARTESIAN_POINT('',(345.648069188244,128.594904911795,0.421150489545));
#2891=CARTESIAN_POINT('Origin',(345.333069188244,128.594904911795,-0.578849510455));
#2892=CARTESIAN_POINT('Origin',(345.333069188244,128.594904911795,-0.578849510455));
#2893=CARTESIAN_POINT('Origin',(345.333069188244,123.204178645619,0.421150489545));
#2894=CARTESIAN_POINT('',(345.648069188244,123.204178645619,0.421150489545));
#2895=CARTESIAN_POINT('Origin',(345.333069188244,123.204178645619,0.421150489545));
#2896=CARTESIAN_POINT('',(345.648069188244,123.204178645619,-0.578849510455));
#2897=CARTESIAN_POINT('',(345.648069188244,123.204178645619,0.421150489545));
#2898=CARTESIAN_POINT('Origin',(345.333069188244,123.204178645619,-0.578849510455));
#2899=CARTESIAN_POINT('Origin',(345.333069188244,123.204178645619,-0.578849510455));
#2900=CARTESIAN_POINT('Origin',(394.043047498503,117.246533376333,-1.));
#2901=CARTESIAN_POINT('',(329.692094997006,98.0990667526662,-1.));
#2902=CARTESIAN_POINT('',(329.692094997006,136.394,-1.));
#2903=CARTESIAN_POINT('',(329.692094997006,136.394,-1.));
#2904=CARTESIAN_POINT('',(458.394,136.394,-1.));
#2905=CARTESIAN_POINT('',(458.394,136.394,-1.));
#2906=CARTESIAN_POINT('',(458.394,98.0990667526662,-1.));
#2907=CARTESIAN_POINT('',(458.394,98.0990667526662,-1.));
#2908=CARTESIAN_POINT('',(329.692094997006,98.0990667526662,-1.));
#2909=CARTESIAN_POINT('',(330.709594579747,99.7609265844108,-1.));
#2910=CARTESIAN_POINT('Origin',(331.355358663716,99.7609265844108,-1.));
#2911=CARTESIAN_POINT('',(456.542341680967,106.66695231197,-1.));
#2912=CARTESIAN_POINT('Origin',(457.188105764936,106.66695231197,-1.));
#2913=CARTESIAN_POINT('',(456.542341680967,127.826114440697,-1.));
#2914=CARTESIAN_POINT('Origin',(457.188105764936,127.826114440697,-1.));
#2915=CARTESIAN_POINT('',(330.709594579747,134.732140168255,-1.));
#2916=CARTESIAN_POINT('Origin',(331.355358663716,134.732140168255,-1.));
#2917=CARTESIAN_POINT('Origin',(358.000005334616,119.000001773238,2.421150489545));
#2918=CARTESIAN_POINT('',(356.000005304813,118.000001773238,2.421150489545));
#2919=CARTESIAN_POINT('',(356.000005304813,120.000001788139,2.421150489545));
#2920=CARTESIAN_POINT('',(356.000005304813,119.500001780689,2.421150489545));
#2921=CARTESIAN_POINT('',(360.000005364418,118.000001758337,2.421150489545));
#2922=CARTESIAN_POINT('',(358.000005334616,118.000001758337,2.421150489545));
#2923=CARTESIAN_POINT('',(360.000005364418,120.000001788139,2.421150489545));
#2924=CARTESIAN_POINT('',(360.000005364418,118.500001765788,2.421150489545));
#2925=CARTESIAN_POINT('',(359.000005349517,120.000001788139,2.421150489545));
#2926=CARTESIAN_POINT('Origin',(358.000005334616,101.500001512468,2.421150489545));
#2927=CARTESIAN_POINT('',(356.000005304813,100.000001490116,2.421150489545));
#2928=CARTESIAN_POINT('',(356.000005304813,103.000001505017,2.421150489545));
#2929=CARTESIAN_POINT('',(356.000005304813,101.250001508743,2.421150489545));
#2930=CARTESIAN_POINT('',(360.000005364418,100.000001490116,2.421150489545));
#2931=CARTESIAN_POINT('',(357.000005319715,100.000001490116,2.421150489545));
#2932=CARTESIAN_POINT('',(360.000005364418,103.00000153482,2.421150489545));
#2933=CARTESIAN_POINT('',(360.000005364418,100.750001501292,2.421150489545));
#2934=CARTESIAN_POINT('',(359.000005349517,103.00000153482,2.421150489545));
#2935=CARTESIAN_POINT('Origin',(360.000005364418,118.000001758337,0.421150489545));
#2936=CARTESIAN_POINT('',(360.000005364418,118.000001758337,0.421150489545));
#2937=CARTESIAN_POINT('',(360.000005364418,118.000001758337,0.421150489545));
#2938=CARTESIAN_POINT('',(360.000005364418,120.000001788139,0.421150489545));
#2939=CARTESIAN_POINT('',(360.000005364418,117.623267567335,0.421150489545));
#2940=CARTESIAN_POINT('',(360.000005364418,120.000001788139,0.421150489545));
#2941=CARTESIAN_POINT('Origin',(358.000005334616,118.000001758337,0.421150489545));
#2942=CARTESIAN_POINT('',(356.000005304813,118.000001773238,1.21550300949099));
#2943=CARTESIAN_POINT('',(356.000005304813,118.000001773238,1.21550300949099));
#2944=CARTESIAN_POINT('',(358.000005334616,118.000001773238,1.21550300949099));
#2945=CARTESIAN_POINT('',(358.000005334616,118.000001773238,1.21550300949099));
#2946=CARTESIAN_POINT('',(358.000005334616,118.000001758337,0.421150489545));
#2947=CARTESIAN_POINT('',(358.000005334616,118.000001758337,0.421150489545));
#2948=CARTESIAN_POINT('',(376.021526416559,118.000001758337,0.421150489545));
#2949=CARTESIAN_POINT('Origin',(360.000005364418,103.00000153482,0.421150489545));
#2950=CARTESIAN_POINT('',(360.000005364418,103.00000153482,0.421150489545));
#2951=CARTESIAN_POINT('',(360.000005364418,103.00000153482,0.421150489545));
#2952=CARTESIAN_POINT('',(358.000005334616,103.00000153482,0.421150489545));
#2953=CARTESIAN_POINT('',(377.021526431461,103.00000153482,0.421150489545));
#2954=CARTESIAN_POINT('',(358.000005334616,103.000001505017,1.19586500422724));
#2955=CARTESIAN_POINT('',(358.000005334616,103.00000153482,0.421150489545));
#2956=CARTESIAN_POINT('',(356.000005304813,103.000001505017,1.19586500422724));
#2957=CARTESIAN_POINT('',(356.000005304813,103.000001505017,1.19586500422724));
#2958=CARTESIAN_POINT('',(356.000005304813,103.000001505017,3.421150489545));
#2959=CARTESIAN_POINT('Origin',(360.000005364418,100.000001490116,0.421150489545));
#2960=CARTESIAN_POINT('',(360.000005364418,100.000001490116,0.421150489545));
#2961=CARTESIAN_POINT('',(360.000005364418,100.000001490116,0.421150489545));
#2962=CARTESIAN_POINT('',(360.000005364418,108.623267433225,0.421150489545));
#2963=CARTESIAN_POINT('Origin',(358.000005334616,101.000001505017,1.19586500422724));
#2964=CARTESIAN_POINT('',(356.000005304813,101.000001505017,1.19586500422724));
#2965=CARTESIAN_POINT('',(358.000005334616,101.000001505017,1.19586500422724));
#2966=CARTESIAN_POINT('',(358.000005334616,101.000001505017,1.19586500422724));
#2967=CARTESIAN_POINT('',(356.000005304813,101.000001505017,1.19586500422724));
#2968=CARTESIAN_POINT('',(358.000005334616,102.000001519918,1.19586500422724));
#2969=CARTESIAN_POINT('Origin',(358.000005334616,101.000001505017,0.421150489545));
#2970=CARTESIAN_POINT('',(358.000005334616,101.000001505017,0.421150489545));
#2971=CARTESIAN_POINT('',(358.000005334616,101.000001505017,0.421150489545));
#2972=CARTESIAN_POINT('',(356.000005304813,101.000001505017,0.421150489545));
#2973=CARTESIAN_POINT('',(376.021526416559,101.000001505017,0.421150489545));
#2974=CARTESIAN_POINT('',(356.000005304813,101.000001505017,0.421150489545));
#2975=CARTESIAN_POINT('Origin',(356.000005304813,119.000001773238,1.21550300949099));
#2976=CARTESIAN_POINT('',(358.000005334616,119.000001773238,1.21550300949099));
#2977=CARTESIAN_POINT('',(356.000005304813,119.000001773238,1.21550300949099));
#2978=CARTESIAN_POINT('',(356.000005304813,119.000001773238,1.21550300949099));
#2979=CARTESIAN_POINT('',(358.000005334616,119.000001773238,1.21550300949099));
#2980=CARTESIAN_POINT('',(356.000005304813,119.000001773238,1.21550300949099));
#2981=CARTESIAN_POINT('Origin',(334.000004976988,105.000001564622,0.421150489545));
#2982=CARTESIAN_POINT('',(334.000004976988,100.868785549473,0.421150489545));
#2983=CARTESIAN_POINT('',(334.000004976988,105.000001564622,0.421150489545));
#2984=CARTESIAN_POINT('',(334.000004976988,111.123267470478,0.421150489545));
#2985=CARTESIAN_POINT('',(334.000004976988,100.868785549473,2.421150489545));
#2986=CARTESIAN_POINT('',(334.000004976988,100.868785549473,0.421150489545));
#2987=CARTESIAN_POINT('',(334.000004976988,105.000001564622,2.421150489545));
#2988=CARTESIAN_POINT('',(334.000004976988,100.868785549473,2.421150489545));
#2989=CARTESIAN_POINT('',(334.000004976988,105.000001564622,0.421150489545));
#2990=CARTESIAN_POINT('Origin',(335.379085759416,105.000001564622,0.421150489545));
#2991=CARTESIAN_POINT('',(335.379085759416,105.000001564622,0.421150489545));
#2992=CARTESIAN_POINT('',(364.711066628959,105.000001564622,0.421150489545));
#2993=CARTESIAN_POINT('',(335.379085759416,105.000001564622,2.421150489545));
#2994=CARTESIAN_POINT('',(334.000004976988,105.000001564622,2.421150489545));
#2995=CARTESIAN_POINT('',(335.379085759416,105.000001564622,0.421150489545));
#2996=CARTESIAN_POINT('Origin',(335.379085759416,100.868785549473,0.421150489545));
#2997=CARTESIAN_POINT('',(335.379085759416,100.868785549473,0.421150489545));
#2998=CARTESIAN_POINT('',(335.379085759416,109.057659462903,0.421150489545));
#2999=CARTESIAN_POINT('',(335.379085759416,100.868785549473,2.421150489545));
#3000=CARTESIAN_POINT('',(335.379085759416,105.000001564622,2.421150489545));
#3001=CARTESIAN_POINT('',(335.379085759416,100.868785549473,0.421150489545));
#3002=CARTESIAN_POINT('Origin',(334.000004976988,100.868785549473,0.421150489545));
#3003=CARTESIAN_POINT('',(364.021526237745,100.868785549473,0.421150489545));
#3004=CARTESIAN_POINT('',(335.379085759416,100.868785549473,2.421150489545));
#3005=CARTESIAN_POINT('Origin',(334.689545368202,102.934393557048,2.421150489545));
#3006=CARTESIAN_POINT('Origin',(358.000005334616,103.00000153482,0.421150489545));
#3007=CARTESIAN_POINT('',(358.000005334616,110.123267455576,0.421150489545));
#3008=CARTESIAN_POINT('Origin',(356.000005304813,100.000001490116,0.421150489545));
#3009=CARTESIAN_POINT('',(356.000005304813,100.000001490116,0.421150489545));
#3010=CARTESIAN_POINT('',(356.000005304813,100.000001490116,0.421150489545));
#3011=CARTESIAN_POINT('',(375.021526401658,100.000001490116,0.421150489545));
#3012=CARTESIAN_POINT('Origin',(356.000005304813,101.000001505017,0.421150489545));
#3013=CARTESIAN_POINT('',(356.000005304813,109.123267440675,0.421150489545));
#3014=CARTESIAN_POINT('Origin',(335.379085759416,119.300005817622,0.421150489545));
#3015=CARTESIAN_POINT('',(334.000004976988,119.300005817622,0.421150489545));
#3016=CARTESIAN_POINT('',(335.379085759416,119.300005817622,0.421150489545));
#3017=CARTESIAN_POINT('',(364.711066628959,119.300005817622,0.421150489545));
#3018=CARTESIAN_POINT('',(334.000004976988,119.300005817622,2.421150489545));
#3019=CARTESIAN_POINT('',(334.000004976988,119.300005817622,0.421150489545));
#3020=CARTESIAN_POINT('',(335.379085759416,119.300005817622,2.421150489545));
#3021=CARTESIAN_POINT('',(335.379085759416,119.300005817622,2.421150489545));
#3022=CARTESIAN_POINT('',(335.379085759416,119.300005817622,0.421150489545));
#3023=CARTESIAN_POINT('Origin',(335.379085759416,115.000001713634,0.421150489545));
#3024=CARTESIAN_POINT('',(335.379085759416,115.000001713634,0.421150489545));
#3025=CARTESIAN_POINT('',(335.379085759416,116.123267544983,0.421150489545));
#3026=CARTESIAN_POINT('',(335.379085759416,115.000001713634,2.421150489545));
#3027=CARTESIAN_POINT('',(335.379085759416,115.000001713634,2.421150489545));
#3028=CARTESIAN_POINT('',(335.379085759416,115.000001713634,0.421150489545));
#3029=CARTESIAN_POINT('Origin',(334.000004976988,115.000001713634,0.421150489545));
#3030=CARTESIAN_POINT('',(334.000004976988,115.000001713634,0.421150489545));
#3031=CARTESIAN_POINT('',(364.021526237745,115.000001713634,0.421150489545));
#3032=CARTESIAN_POINT('',(334.000004976988,115.000001713634,2.421150489545));
#3033=CARTESIAN_POINT('',(334.000004976988,115.000001713634,2.421150489545));
#3034=CARTESIAN_POINT('',(334.000004976988,115.000001713634,0.421150489545));
#3035=CARTESIAN_POINT('Origin',(334.000004976988,119.300005817622,0.421150489545));
#3036=CARTESIAN_POINT('',(334.000004976988,118.273269596977,0.421150489545));
#3037=CARTESIAN_POINT('',(334.000004976988,119.300005817622,2.421150489545));
#3038=CARTESIAN_POINT('Origin',(334.689545368202,117.150003765628,2.421150489545));
#3039=CARTESIAN_POINT('Origin',(356.000005304813,120.000001788139,0.421150489545));
#3040=CARTESIAN_POINT('',(356.000005304813,120.000001788139,0.421150489545));
#3041=CARTESIAN_POINT('',(356.000005304813,120.000001788139,0.421150489545));
#3042=CARTESIAN_POINT('',(356.000005304813,119.000001773238,0.421150489545));
#3043=CARTESIAN_POINT('',(356.000005304813,118.623267582236,0.421150489545));
#3044=CARTESIAN_POINT('',(356.000005304813,119.000001773238,0.421150489545));
#3045=CARTESIAN_POINT('Origin',(360.000005364418,120.000001788139,0.421150489545));
#3046=CARTESIAN_POINT('',(377.021526431461,120.000001788139,0.421150489545));
#3047=CARTESIAN_POINT('Origin',(358.000005334616,119.000001773238,0.421150489545));
#3048=CARTESIAN_POINT('',(358.000005334616,119.000001773238,0.421150489545));
#3049=CARTESIAN_POINT('',(358.000005334616,119.000001773238,0.421150489545));
#3050=CARTESIAN_POINT('',(358.000005334616,118.123267574786,0.421150489545));
#3051=CARTESIAN_POINT('Origin',(356.000005304813,119.000001773238,0.421150489545));
#3052=CARTESIAN_POINT('',(375.021526401658,119.000001773238,0.421150489545));
#3053=CARTESIAN_POINT('Origin',(331.355358663716,134.732140168255,0.));
#3054=CARTESIAN_POINT('',(330.709594579747,134.732140168255,0.421150489545));
#3055=CARTESIAN_POINT('Origin',(331.355358663716,134.732140168255,0.421150489545));
#3056=CARTESIAN_POINT('',(330.709594579747,134.732140168255,0.));
#3057=CARTESIAN_POINT('Origin',(457.188105764936,127.826114440697,0.));
#3058=CARTESIAN_POINT('',(456.542341680967,127.826114440697,0.421150489545));
#3059=CARTESIAN_POINT('Origin',(457.188105764936,127.826114440697,0.421150489545));
#3060=CARTESIAN_POINT('',(456.542341680967,127.826114440697,0.));
#3061=CARTESIAN_POINT('Origin',(457.188105764936,106.66695231197,0.));
#3062=CARTESIAN_POINT('',(456.542341680967,106.66695231197,0.421150489545));
#3063=CARTESIAN_POINT('Origin',(457.188105764936,106.66695231197,0.421150489545));
#3064=CARTESIAN_POINT('',(456.542341680967,106.66695231197,0.));
#3065=CARTESIAN_POINT('Origin',(331.355358663716,99.7609265844108,0.));
#3066=CARTESIAN_POINT('',(330.709594579747,99.7609265844108,0.421150489545));
#3067=CARTESIAN_POINT('Origin',(331.355358663716,99.7609265844108,0.421150489545));
#3068=CARTESIAN_POINT('',(330.709594579747,99.7609265844108,0.));
#3069=CARTESIAN_POINT('Origin',(458.394,136.394,0.));
#3070=CARTESIAN_POINT('',(329.692094997006,136.394,0.421150489545));
#3071=CARTESIAN_POINT('',(329.692094997006,136.394,0.));
#3072=CARTESIAN_POINT('',(458.394,136.394,0.421150489545));
#3073=CARTESIAN_POINT('',(458.394,136.394,0.421150489545));
#3074=CARTESIAN_POINT('',(458.394,136.394,0.));
#3075=CARTESIAN_POINT('Origin',(458.394,98.0990667526662,0.));
#3076=CARTESIAN_POINT('',(458.394,98.0990667526662,0.421150489545));
#3077=CARTESIAN_POINT('',(458.394,98.0990667526662,0.421150489545));
#3078=CARTESIAN_POINT('',(458.394,98.0990667526662,0.));
#3079=CARTESIAN_POINT('Origin',(329.692094997006,98.0990667526662,0.));
#3080=CARTESIAN_POINT('',(329.692094997006,98.0990667526662,0.421150489545));
#3081=CARTESIAN_POINT('',(329.692094997006,98.0990667526662,0.421150489545));
#3082=CARTESIAN_POINT('',(329.692094997006,98.0990667526662,0.));
#3083=CARTESIAN_POINT('Origin',(329.692094997006,136.394,0.));
#3084=CARTESIAN_POINT('',(329.692094997006,136.394,0.421150489545));
#3085=CARTESIAN_POINT('Origin',(394.043047498503,117.246533376333,0.421150489545));
#3086=UNCERTAINTY_MEASURE_WITH_UNIT(LENGTH_MEASURE(0.01),#3090,
'DISTANCE_ACCURACY_VALUE',
'Maximum model space distance between geometric entities at asserted c
onnectivities');
#3087=UNCERTAINTY_MEASURE_WITH_UNIT(LENGTH_MEASURE(0.01),#3090,
'DISTANCE_ACCURACY_VALUE',
'Maximum model space distance between geometric entities at asserted c
onnectivities');
#3088=(
GEOMETRIC_REPRESENTATION_CONTEXT(3)
GLOBAL_UNCERTAINTY_ASSIGNED_CONTEXT((#3086))
GLOBAL_UNIT_ASSIGNED_CONTEXT((#3090,#3092,#3093))
REPRESENTATION_CONTEXT('','3D')
);
#3089=(
GEOMETRIC_REPRESENTATION_CONTEXT(3)
GLOBAL_UNCERTAINTY_ASSIGNED_CONTEXT((#3087))
GLOBAL_UNIT_ASSIGNED_CONTEXT((#3090,#3092,#3093))
REPRESENTATION_CONTEXT('','3D')
);
#3090=(
LENGTH_UNIT()
NAMED_UNIT(*)
SI_UNIT(.MILLI.,.METRE.)
);
#3091=(
LENGTH_UNIT()
NAMED_UNIT(*)
SI_UNIT($,.METRE.)
);
#3092=(
NAMED_UNIT(*)
PLANE_ANGLE_UNIT()
SI_UNIT($,.RADIAN.)
);
#3093=(
NAMED_UNIT(*)
SI_UNIT($,.STERADIAN.)
SOLID_ANGLE_UNIT()
);
#3094=SHAPE_DEFINITION_REPRESENTATION(#3095,#3096);
#3095=PRODUCT_DEFINITION_SHAPE('',$,#3098);
#3096=SHAPE_REPRESENTATION('',(#1951),#3088);
#3097=PRODUCT_DEFINITION_CONTEXT('part definition',#3102,'design');
#3098=PRODUCT_DEFINITION('2026-05-27-13-07-37-797','lid',#3099,#3097);
#3099=PRODUCT_DEFINITION_FORMATION('',$,#3104);
#3100=PRODUCT_RELATED_PRODUCT_CATEGORY('lid','lid',(#3104));
#3101=APPLICATION_PROTOCOL_DEFINITION('international standard',
'automotive_design',2009,#3102);
#3102=APPLICATION_CONTEXT(
'Core Data for Automotive Mechanical Design Process');
#3103=PRODUCT_CONTEXT('part definition',#3102,'mechanical');
#3104=PRODUCT('2026-05-27-13-07-37-797','lid',$,(#3103));
#3105=PRESENTATION_STYLE_ASSIGNMENT((#3106));
#3106=SURFACE_STYLE_USAGE(.BOTH.,#3107);
#3107=SURFACE_SIDE_STYLE('',(#3108));
#3108=SURFACE_STYLE_FILL_AREA(#3109);
#3109=FILL_AREA_STYLE('Steel - Satin',(#3110));
#3110=FILL_AREA_STYLE_COLOUR('Steel - Satin',#3111);
#3111=COLOUR_RGB('Steel - Satin',0.627450980392157,0.627450980392157,0.627450980392157);
ENDSEC;
END-ISO-10303-21;
